page_name,created_at,updated_at,converted_filename,is_builtin,convert_target,created_source,updated_source
.templates,2018-09-21T10:25:46+09:00,2018-09-21T10:25:46+09:00,_posts/2018-09-21-01CQWVQ6CGD8Y1911MFV9JX4B4.md,false,true,#author(single),#author(single)
.templates/Tips,2018-09-21T10:22:24+09:00,2018-09-21T10:22:24+09:00,_posts/2018-09-21-01CQWVH140WNC35CXZG37N0TCP.md,false,true,#author(single),#author(single)
.templates/こうしておけばよかった,2018-09-21T10:25:33+09:00,2018-09-21T10:25:33+09:00,_posts/2018-09-21-01CQWVPSP86FH2RADXT81RDJEF.md,false,true,#author(single),#author(single)
.templates/設計パターン,2014-05-20T19:10:05+09:00,2014-05-20T19:10:05+09:00,_posts/2014-05-20-018RCHR128N6W83QEQY83G391X.md,false,true,file_mtime_utc,file_mtime_utc
.templates/障害メモ,2014-05-20T15:43:38+09:00,2014-05-20T15:43:38+09:00,_posts/2014-05-20-018RC5Y0CG96Z23W8Q1RCH0MZA.md,false,true,file_mtime_utc,file_mtime_utc
:RenameLog,2023-02-10T09:11:30+09:00,2023-02-10T09:11:30+09:00,_posts/2023-02-10-01GRWAKBTG1C95KWGZ3P0FWVNG.md,false,false,#author(single),#author(single)
:config,2013-08-17T18:07:15+09:00,2013-08-17T18:07:15+09:00,_posts/2013-08-17-01825REKDRFN9ZF8YM114T7DFD.md,true,false,file_mtime_utc,file_mtime_utc
:config/PageReading,2016-11-30T03:20:40+09:00,2016-11-30T03:20:40+09:00,_posts/2016-11-30-01B2RN2E603T8K1Z1NKHMJPNSN.md,true,false,file_mtime_utc,file_mtime_utc
:config/PageReading/dict,2013-08-17T18:07:15+09:00,2013-08-17T18:07:15+09:00,_posts/2013-08-17-01825REKDR928E24SQ53RQCBZN.md,true,false,file_mtime_utc,file_mtime_utc
:config/plugin,2013-08-17T18:07:15+09:00,2013-08-17T18:07:15+09:00,_posts/2013-08-17-01825REKDRJ9V8FG4TBVXNHW53.md,true,false,file_mtime_utc,file_mtime_utc
:config/plugin/attach/mime-type,2022-05-08T16:50:33+09:00,2022-05-08T16:50:33+09:00,_posts/2022-05-08-01G2HAC398R7C3Q3X4W65TWMJS.md,true,false,file_mtime_utc,file_mtime_utc
:config/plugin/tracker,2013-08-17T18:07:15+09:00,2013-08-17T18:07:15+09:00,_posts/2013-08-17-01825REKDR6SZZWXC4NZS1XR9V.md,true,false,file_mtime_utc,file_mtime_utc
:config/plugin/tracker/default,2022-05-08T16:31:26+09:00,2022-05-08T16:31:26+09:00,_posts/2022-05-08-01G2H9935GMKGSR3S5GGGV33HQ.md,true,false,file_mtime_utc,file_mtime_utc
:config/plugin/tracker/default/form,2013-08-17T18:07:15+09:00,2013-08-17T18:07:15+09:00,_posts/2013-08-17-01825REKDRD0RMNA10WRCCEYDW.md,true,false,file_mtime_utc,file_mtime_utc
:config/plugin/tracker/default/list,2013-08-17T18:07:15+09:00,2013-08-17T18:07:15+09:00,_posts/2013-08-17-01825REKDRC2G0EK808XEVYSRB.md,true,false,file_mtime_utc,file_mtime_utc
:config/plugin/tracker/default/page,2013-08-17T18:07:15+09:00,2013-08-17T18:07:15+09:00,_posts/2013-08-17-01825REKDR28TCAMG10PC6RZK8.md,true,false,file_mtime_utc,file_mtime_utc
Alloy,2013-12-30T12:47:45+09:00,2013-12-30T12:47:45+09:00,_posts/2013-12-30-018D0STKQ8GSKJPZAS5A4KF348.md,false,true,file_mtime_utc,file_mtime_utc
Alloy/Viewを上から縦に並べる,2014-01-01T00:13:36+09:00,2014-01-01T00:13:36+09:00,_posts/2014-01-01-018D4KF5807HX8MPZWWXVCEYXE.md,false,true,file_mtime_utc,file_mtime_utc
Alloy/Windowを初期化する,2014-01-04T15:26:08+09:00,2014-01-04T15:26:08+09:00,_posts/2014-01-04-018DDYW700DYV6HE1375VMRQK6.md,false,true,file_mtime_utc,file_mtime_utc
Alloy/イベントハンドラを取りつける,2015-08-29T15:27:43+09:00,2015-08-29T15:27:43+09:00,_posts/2015-08-29-019XW27SRREPBNYDD20JKCBNK7.md,false,true,file_mtime_utc,file_mtime_utc
Alloy/グローバル変数,2015-08-29T15:27:58+09:00,2015-08-29T15:27:58+09:00,_posts/2015-08-29-019XW288DGFFX91AWDYJAYV1QT.md,false,true,file_mtime_utc,file_mtime_utc
Alloy/ソースコードを分離する,2015-08-29T15:28:09+09:00,2015-08-29T15:28:09+09:00,_posts/2015-08-29-019XW28K58S5JCY4NAEEMSFEVV.md,false,true,file_mtime_utc,file_mtime_utc
Alloy/ソースコードを分離する(その2),2014-01-01T23:16:04+09:00,2014-01-01T23:16:04+09:00,_posts/2014-01-01-018D72JH50F8Z3S7RQXWF6EE25.md,false,true,file_mtime_utc,file_mtime_utc
Alloy/モデル基本操作,2014-01-01T12:45:25+09:00,2014-01-01T12:45:25+09:00,_posts/2014-01-01-018D5YFS08F6DE8V0EVTP7R7S9.md,false,true,file_mtime_utc,file_mtime_utc
Alloy/基本コントロール,2014-01-14T00:21:36+09:00,2014-01-14T00:21:36+09:00,_posts/2014-01-14-018E6335005G38YM2JY95DQSVA.md,false,true,file_mtime_utc,file_mtime_utc
Alloy/多言語化する,2014-01-01T10:09:16+09:00,2014-01-01T10:09:16+09:00,_posts/2014-01-01-018D5NHVK05NHVQ5BEWT9YQD4Z.md,false,true,file_mtime_utc,file_mtime_utc
Alloy/画像を表示する,2014-01-19T12:18:59+09:00,2014-01-19T12:18:59+09:00,_posts/2014-01-19-018EM84A5R05WDRF2XECTQG9WN.md,false,true,file_mtime_utc,file_mtime_utc
Angular2,2017-08-03T11:41:42+09:00,2017-08-03T11:41:42+09:00,_posts/2017-08-03-01BPJZGNKGDE0PRF97TD0DHX2Q.md,false,true,#author(single),#author(single)
Angular2/Google Chartsを使う,2016-10-26T16:31:52+09:00,2016-10-26T16:31:52+09:00,_posts/2016-10-26-01AZZYE0J0SBME1FJADN3JSTJK.md,false,true,file_mtime_utc,file_mtime_utc
Angular2/Windowsに開発環境を作る,2016-11-04T09:58:05+09:00,2016-11-04T09:58:05+09:00,_posts/2016-11-04-01B0PDFEA861TYSJM9MX8V6EBA.md,false,true,file_mtime_utc,file_mtime_utc
Angular2/jQuery UIのdatepickerを使う,2016-10-26T18:51:55+09:00,2016-10-26T18:51:55+09:00,_posts/2016-10-26-01B006EEKRT6YQ15WC607FKY7Z.md,false,true,file_mtime_utc,file_mtime_utc
Angular2/ngForの中でngModelの双方向バインディングができない,2016-11-08T10:12:14+09:00,2016-11-08T10:12:14+09:00,_posts/2016-11-08-01B10QW7DGN5D5D1651846052C.md,false,true,file_mtime_utc,file_mtime_utc
Angular2/resizeで処理する,2016-10-17T16:18:34+09:00,2016-10-17T16:18:34+09:00,_posts/2016-10-17-01AZ8R368GH8B5SD1JA8Q3C434.md,false,true,file_mtime_utc,file_mtime_utc
Angular2/select multipleにngModelで双方向バインディングできない,2016-11-08T10:33:18+09:00,2016-11-08T10:33:18+09:00,_posts/2016-11-08-01B10S2SSG41HZE9XEN65ABA5T.md,false,true,file_mtime_utc,file_mtime_utc
Angular2/グローバル変数を使う,2016-11-15T16:19:15+09:00,2016-11-15T16:19:15+09:00,_posts/2016-11-15-01B1KDN99R0919CH1NS9FVVD34.md,false,true,file_mtime_utc,file_mtime_utc
Angular2/ディレクトリ構成を変える,2016-10-14T09:35:39+09:00,2016-10-14T09:35:39+09:00,_posts/2016-10-14-01AZ09V8VRVFQD4MBG0X3RX4XT.md,false,true,file_mtime_utc,file_mtime_utc
Angular2/フォーム,2016-11-18T14:31:38+09:00,2016-11-18T14:31:38+09:00,_posts/2016-11-18-01B1TYPCMG5EXDX46K93ZT0CKK.md,false,true,file_mtime_utc,file_mtime_utc
Angular2/ブラウザがrequiredをチェックしてしまって困る,2016-11-14T16:13:42+09:00,2016-11-14T16:13:42+09:00,_posts/2016-11-14-01B1GTYD3G4GJNBF2BMPFM8KE9.md,false,true,file_mtime_utc,file_mtime_utc
Angular2/複数の要素をテンプレートにして繰り返す,2016-10-26T15:25:16+09:00,2016-10-26T15:25:16+09:00,_posts/2016-10-26-01AZZTM270TA146R5Y2M0ZVPDV.md,false,true,file_mtime_utc,file_mtime_utc
Angular2/覚書,2016-10-13T18:41:19+09:00,2016-10-13T18:41:19+09:00,_posts/2016-10-13-01AYYPNPGRAQ727SH0P0BEC7TM.md,false,true,file_mtime_utc,file_mtime_utc
Angular2/階層のあるメニューのハイライト,2016-10-26T15:17:09+09:00,2016-10-26T15:17:09+09:00,_posts/2016-10-26-01AZZT56M8X6J35PPC8NVG1Q1C.md,false,true,file_mtime_utc,file_mtime_utc
AngularJS,2017-08-03T11:41:51+09:00,2017-08-03T11:41:51+09:00,_posts/2017-08-03-01BPJZGYCR5S6RSJEMZ0B4FVEM.md,false,true,#author(single),#author(single)
AngularJS/イベントリスナを手動で削除する,2017-12-04T15:37:33+09:00,2017-12-04T15:37:33+09:00,_posts/2017-12-04-01C0G3WXY8RQEFZW18PCMEEX2N.md,false,true,#author(single),#author(single)
AngularJS/サービスの状態をビューに反映する,2017-09-02T11:43:02+09:00,2017-09-02T11:43:02+09:00,_posts/2017-09-02-01BS07GNQGFV5E1VWTX2ZG85KQ.md,false,true,#author(single),#author(single)
Apache,2013-08-22T12:00:50+09:00,2013-08-22T12:00:50+09:00,_posts/2013-08-22-0182HZF8PGBACVQSN3VKSHVQ8D.md,false,true,file_mtime_utc,file_mtime_utc
Apache/.htpasswdを作成する,2013-08-22T12:01:25+09:00,2013-08-22T12:01:25+09:00,_posts/2013-08-22-0182HZGAW8WW65Q0TDF2BRBB4S.md,false,true,file_mtime_utc,file_mtime_utc
Apache/.svnディレクトリを隠す,2013-08-22T14:30:39+09:00,2013-08-22T14:30:39+09:00,_posts/2013-08-22-0182J81K0RX3Y64PWRCWSPQWAH.md,false,true,file_mtime_utc,file_mtime_utc
Apache/正規表現にマッチするアクセスをリダイレクトさせる,2013-08-22T12:01:54+09:00,2013-08-22T12:01:54+09:00,_posts/2013-08-22-0182HZH76G6M1YA9Z0B3DKQKKH.md,false,true,file_mtime_utc,file_mtime_utc
Apache/特定のパスへのアクセスをファイルパスにマップする,2013-08-22T12:02:02+09:00,2013-08-22T12:02:02+09:00,_posts/2013-08-22-0182HZHF0G04M9TRZNDPHGJES9.md,false,true,file_mtime_utc,file_mtime_utc
AutoTicketLinkName,2022-05-16T17:16:29+09:00,2022-05-16T17:16:29+09:00,_posts/2022-05-16-01G35Z1AT83D04XPQESZWJET9F.md,true,false,#author(single),#author(single)
BracketName,2013-08-17T18:07:15+09:00,2013-08-17T18:07:15+09:00,_posts/2013-08-17-01825REKDR1RB9203N8RME2QFS.md,true,false,file_mtime_utc,file_mtime_utc
CSS,2013-08-17T18:07:15+09:00,2013-08-17T18:07:15+09:00,_posts/2013-08-17-01825REKDRGGAPVJYMH8FZ9E55.md,false,true,file_mtime_utc,file_mtime_utc
CSS/CSSからCSSを読み込む,2013-08-17T18:07:15+09:00,2013-08-17T18:07:15+09:00,_posts/2013-08-17-01825REKDRK0RBQ1BXNGBR14E9.md,false,true,file_mtime_utc,file_mtime_utc
CSS/幅指定なしにfloatで画像を横に置く,2013-08-17T18:07:15+09:00,2013-08-17T18:07:15+09:00,_posts/2013-08-17-01825REKDRCR295W4YHV0GKWJS.md,false,true,file_mtime_utc,file_mtime_utc
Docker/Dockerで立ち上げたMySQLサーバーに接続する,2017-04-13T12:41:22+09:00,2017-04-13T12:41:22+09:00,_posts/2017-04-13-01BDJPDDPG04FJWDFFDMHDKZS9.md,false,true,#author(single),#author(single)
Docker/MySQLサーバーを立てる,2017-04-13T12:41:02+09:00,2017-04-13T12:41:02+09:00,_posts/2017-04-13-01BDJPCT5GX86CSVDSWVM0SRAV.md,false,true,#author(single),#author(single)
Eclipse,2013-08-17T18:07:15+09:00,2013-08-17T18:07:15+09:00,_posts/2013-08-17-01825REKDR2NRTRTERKZYZ4NAC.md,false,true,file_mtime_utc,file_mtime_utc
Eclipse/SVNでバージョン管理する,2013-08-17T18:07:15+09:00,2013-08-17T18:07:15+09:00,_posts/2013-08-17-01825REKDRBA369F2EMT6MJ6D5.md,false,true,file_mtime_utc,file_mtime_utc
Eclipse/Webアプリケーションを作成する,2013-08-17T18:07:15+09:00,2013-08-17T18:07:15+09:00,_posts/2013-08-17-01825REKDRYJTAV1AVHYWRNPM1.md,false,true,file_mtime_utc,file_mtime_utc
Eclipse/WindowsにEclipseをインストールする,2013-08-17T18:07:15+09:00,2013-08-17T18:07:15+09:00,_posts/2013-08-17-01825REKDRXGWY1Q332HSE156C.md,false,true,file_mtime_utc,file_mtime_utc
Eclipse/使用する文字コードをUTF-8にする,2013-08-17T18:07:15+09:00,2013-08-17T18:07:15+09:00,_posts/2013-08-17-01825REKDRKMZZVP8664RBY66G.md,false,true,file_mtime_utc,file_mtime_utc
Eclipse/既存のディレクトリをプロジェクトとして開く,2016-08-03T00:33:09+09:00,2016-08-03T00:33:09+09:00,_posts/2016-08-03-01AS5Y65R8QYP58YMR07DQCQQY.md,false,true,file_mtime_utc,file_mtime_utc
Excel/ランダムな文字列を作成する,2013-08-17T18:07:15+09:00,2013-08-17T18:07:15+09:00,_posts/2013-08-17-01825REKDRY0XWP417PNVE26Q3.md,false,true,file_mtime_utc,file_mtime_utc
Firefox/キャッシュにtmpディレクトリを使う,2013-08-17T18:07:15+09:00,2013-08-17T18:07:15+09:00,_posts/2013-08-17-01825REKDR089076ACE8SYAJG9.md,false,true,file_mtime_utc,file_mtime_utc
FormattingRules,2022-05-08T16:51:30+09:00,2022-05-08T16:51:30+09:00,_posts/2022-05-08-01G2HADTYG072B0E38GQVBAV3Q.md,true,false,file_mtime_utc,file_mtime_utc
FrontPage,2023-05-24T10:48:06+09:00,2024-03-28T17:27:23+09:00,_posts/2023-05-24-01H15Q28ZGFM36S0Z2FHS495C3.md,true,false,#author,#author
GIFアニメーション,2013-08-17T18:07:15+09:00,2013-08-17T18:07:15+09:00,_posts/2013-08-17-01825REKDRAS49XNR2YSYCRMHK.md,false,true,file_mtime_utc,file_mtime_utc
Git,2018-01-09T09:50:38+09:00,2018-01-09T09:50:38+09:00,_posts/2018-01-09-01C3C6BJSG122RDCBM2FTTD107.md,false,true,#author(single),#author(single)
Git/GitHubでプルリクエストを作成する,2018-01-26T12:05:39+09:00,2018-01-26T12:05:39+09:00,_posts/2018-01-26-01C4R6V0XRAMWJ2XSX6A0HZ7YZ.md,false,true,#author(single),#author(single)
Git/GitHubと連携する,2016-02-20T12:07:20+09:00,2016-02-20T12:07:20+09:00,_posts/2016-02-20-01ABYAANJ0TH5KRVCE0ZCBMWT1.md,false,true,file_mtime_utc,file_mtime_utc
Git/GitHubに草が生えない,2016-08-13T22:56:11+09:00,2016-08-13T22:56:11+09:00,_posts/2016-08-13-01AT230H3RF6R7WCA93DTWC46T.md,false,true,file_mtime_utc,file_mtime_utc
Git/rebaseする,2017-12-27T10:13:25+09:00,2017-12-27T10:13:25+09:00,_posts/2017-12-27-01C2ARFYR8B5ADZ8J8QBEAAHCH.md,false,true,#author(single),#author(single)
Google Analytics/自分のアクセスのログを除外する,2017-04-12T11:07:27+09:00,2017-04-12T11:07:27+09:00,_posts/2017-04-12-01BDFYMQRRTE1W8MJ15X9BG15Q.md,false,true,#author(single),#author(single)
Google Chrome/直接シークレットウィンドウを開く,2013-08-17T18:07:15+09:00,2013-08-17T18:07:15+09:00,_posts/2013-08-17-01825REKDR93PDN9F64J46339V.md,false,true,file_mtime_utc,file_mtime_utc
HTML,2013-08-17T18:07:15+09:00,2013-08-17T18:07:15+09:00,_posts/2013-08-17-01825REKDRSDZEN2YHVGMG796W.md,false,true,file_mtime_utc,file_mtime_utc
HTML/ページごとにファビコンを指定する,2013-08-17T18:07:15+09:00,2013-08-17T18:07:15+09:00,_posts/2013-08-17-01825REKDRWJNZQSTVK6CVNX4M.md,false,true,file_mtime_utc,file_mtime_utc
Help,2013-08-17T18:07:15+09:00,2013-08-17T18:07:15+09:00,_posts/2013-08-17-01825REKDRDF9D9E171CXPKDGD.md,true,false,file_mtime_utc,file_mtime_utc
IntelliJ IDEA/設定,2023-05-31T09:48:07+09:00,2023-05-31T09:48:07+09:00,_posts/2023-05-31-01H1QMDFARBPPNTJSQTNGMASVK.md,false,true,#author(single),#author(single)
IntelliJ/変更のあるファイルを含むフォルダに色をつける,2018-02-20T15:32:03+09:00,2018-02-20T15:32:03+09:00,_posts/2018-02-20-01C6RYJXNRX0N45X10GDKMVHQK.md,false,true,#author(single),#author(single)
InterWiki,2022-05-08T16:31:26+09:00,2022-05-08T16:31:26+09:00,_posts/2022-05-08-01G2H9935GX3XRP4XR4Q0ZVC1P.md,true,false,file_mtime_utc,file_mtime_utc
InterWikiName,2022-05-08T16:50:33+09:00,2022-05-08T16:50:33+09:00,_posts/2022-05-08-01G2HAC39804Q98APCMGJ0AZMS.md,true,false,file_mtime_utc,file_mtime_utc
InterWikiSandBox,2013-08-17T18:07:15+09:00,2013-08-17T18:07:15+09:00,_posts/2013-08-17-01825REKDRP0TPD2369V5ZGCDK.md,true,false,file_mtime_utc,file_mtime_utc
JBoss/日本語URIを受け付ける,2013-08-17T18:07:15+09:00,2013-08-17T18:07:15+09:00,_posts/2013-08-17-01825REKDRCQ11TSGAK9Y1C0GD.md,false,true,file_mtime_utc,file_mtime_utc
JSP/パラメータ一覧を出力する,2013-08-17T18:07:15+09:00,2013-08-17T18:07:15+09:00,_posts/2013-08-17-01825REKDRYWFBPY1JR6H62JAJ.md,false,true,file_mtime_utc,file_mtime_utc
JSTL/EL式で文字列を連結する,2013-08-17T18:07:15+09:00,2013-08-17T18:07:15+09:00,_posts/2013-08-17-01825REKDR1XS0WC4JX5DVA7NG.md,false,true,file_mtime_utc,file_mtime_utc
JSTL/一文字ずつsplitする,2013-08-17T18:07:15+09:00,2013-08-17T18:07:15+09:00,_posts/2013-08-17-01825REKDRASC2ATEHKK9P9EWJ.md,false,true,file_mtime_utc,file_mtime_utc
JSTL/改行しつつエスケープする,2013-08-17T18:07:15+09:00,2013-08-17T18:07:15+09:00,_posts/2013-08-17-01825REKDRMR03KQSABY3YCV59.md,false,true,file_mtime_utc,file_mtime_utc
Java,2013-08-17T18:07:15+09:00,2013-08-17T18:07:15+09:00,_posts/2013-08-17-01825REKDRJRQKFX2JVPM6NEG1.md,false,true,file_mtime_utc,file_mtime_utc
Java/Collection要素を実装する,2014-12-26T09:12:28+09:00,2014-12-26T09:12:28+09:00,_posts/2014-12-26-019A1YZWF06PWMX80FNV6NCSZ3.md,false,true,file_mtime_utc,file_mtime_utc
Java/Date型とString型を相互に変換する,2013-08-17T18:07:15+09:00,2013-08-17T18:07:15+09:00,_posts/2013-08-17-01825REKDRD4NZHM3GSCNV8DVW.md,false,true,file_mtime_utc,file_mtime_utc
Java/WindowsにJDKをインストールする,2013-08-17T18:07:15+09:00,2013-08-17T18:07:15+09:00,_posts/2013-08-17-01825REKDRWS6732VCB271MN8R.md,false,true,file_mtime_utc,file_mtime_utc
Java/enum要素のアノテーションを取得する,2013-08-17T18:07:15+09:00,2013-08-17T18:07:15+09:00,_posts/2013-08-17-01825REKDRJAQTAYYBM1125FXX.md,false,true,file_mtime_utc,file_mtime_utc
Java/メモリ設定のあれこれ,2015-08-29T15:50:40+09:00,2015-08-29T15:50:40+09:00,_posts/2015-08-29-019XW3HTG036TC6MT10QK01N8W.md,false,true,file_mtime_utc,file_mtime_utc
Java/前週や前月の開始日と終了日を計算する,2013-08-17T18:07:15+09:00,2013-08-17T18:07:15+09:00,_posts/2013-08-17-01825REKDRKME2NZYPCKPKFH5E.md,false,true,file_mtime_utc,file_mtime_utc
Java/暗号化する複合化する,2014-03-18T16:20:31+09:00,2014-03-18T16:20:31+09:00,_posts/2014-03-18-018KA108GRCFCH6GR3WX8RVD34.md,false,true,file_mtime_utc,file_mtime_utc
Java/正規表現で特定箇所をいくつか抜き出す,2013-10-31T09:02:19+09:00,2013-10-31T09:02:19+09:00,_posts/2013-10-31-01885X2PQRXSSSBVQ961FT3KJ3.md,false,true,file_mtime_utc,file_mtime_utc
Java/正規表現を使って条件付きで置き換える,2013-10-31T09:02:35+09:00,2013-10-31T09:02:35+09:00,_posts/2013-10-31-01885X36BR7K7GDKE4RJCKVG87.md,false,true,file_mtime_utc,file_mtime_utc
JavaScript/eslintの設定例,2018-03-15T11:21:17+09:00,2018-03-15T11:21:17+09:00,_posts/2018-03-15-01C8KQC9A8ZR8KRV6QQD0WDQ9H.md,false,true,#author(single),#author(single)
JavaScript/window.open()がIEでエラーになる,2013-08-17T18:07:15+09:00,2013-08-17T18:07:15+09:00,_posts/2013-08-17-01825REKDRHJ87MA387T1NAAQN.md,false,true,file_mtime_utc,file_mtime_utc
JavaScript/とりあえずajaxしてみる,2013-08-17T18:07:15+09:00,2013-08-17T18:07:15+09:00,_posts/2013-08-17-01825REKDRF5MPXTFQW5J4XYCJ.md,false,true,file_mtime_utc,file_mtime_utc
JavaScript/アンカーでpostする,2013-08-17T18:07:15+09:00,2013-08-17T18:07:15+09:00,_posts/2013-08-17-01825REKDRH1C0NXB45HA97RV9.md,false,true,file_mtime_utc,file_mtime_utc
JavaScript/クッキーを扱うための簡単なツール,2013-08-17T18:07:15+09:00,2013-08-17T18:07:15+09:00,_posts/2013-08-17-01825REKDR2H9KN6WVNTAPCXM5.md,false,true,file_mtime_utc,file_mtime_utc
JavaScript/クロスフェードする,2013-08-17T18:07:15+09:00,2013-08-17T18:07:15+09:00,_posts/2013-08-17-01825REKDRD45QQZ945C036KH3.md,false,true,file_mtime_utc,file_mtime_utc
JavaScript/テキストの選択を抑止する,2013-11-28T17:30:55+09:00,2013-11-28T17:30:55+09:00,_posts/2013-11-28-018AEXA3GRZKTD5SJT43ZZ4JWM.md,false,true,file_mtime_utc,file_mtime_utc
JavaScript/ファイル名を取得する,2017-07-21T14:37:46+09:00,2017-07-21T14:37:46+09:00,_posts/2017-07-21-01BNHTDQ0G750YXX1PXN6ZTQ62.md,false,true,#author(single),#author(single)
JavaScript/ページ内リンクをアニメーションでスクロールする,2018-04-12T19:16:35+09:00,2018-04-12T19:16:35+09:00,_posts/2018-04-12-01CAWNPPXRFYCED87DCEDNW12B.md,false,true,#author(single),#author(single)
JavaScript/別ファイルの内容をダイアログ表示する,2014-04-02T20:22:35+09:00,2014-04-02T20:22:35+09:00,_posts/2014-04-02-018MH2T93RC6W0JW6KDJ2JBKS7.md,false,true,file_mtime_utc,file_mtime_utc
JavaScript/引数がないことを確認する,2013-08-17T18:07:15+09:00,2013-08-17T18:07:15+09:00,_posts/2013-08-17-01825REKDRF1NKK9DVMZJ32KF2.md,false,true,file_mtime_utc,file_mtime_utc
JavaScript/引数のデフォルト値,2013-08-17T18:07:15+09:00,2013-08-17T18:07:15+09:00,_posts/2013-08-17-01825REKDRTPQ1BZHA3G3FB2MG.md,false,true,file_mtime_utc,file_mtime_utc
JavaScript/文字列からオブジェクトのプロパティを参照・更新する,2017-12-28T02:12:43+09:00,2017-12-28T02:12:43+09:00,_posts/2017-12-28-01C2CFCFQR1HM9RNGNJS8V6FRT.md,false,true,#author(single),#author(single)
JavaScript/正規表現で特定箇所をいくつか抜き出す,2013-08-17T18:07:15+09:00,2013-08-17T18:07:15+09:00,_posts/2013-08-17-01825REKDRKQGVCRKT0PSCYDMV.md,false,true,file_mtime_utc,file_mtime_utc
JavaScript/特定のキー入力を抑止する,2014-02-05T20:08:44+09:00,2014-02-05T20:08:44+09:00,_posts/2014-02-05-018G0VRNK0F25E0RJJJF0EQY54.md,false,true,file_mtime_utc,file_mtime_utc
JavaScript/郵便番号検索,2013-08-17T18:07:15+09:00,2013-08-17T18:07:15+09:00,_posts/2013-08-17-01825REKDRP61ZT4ZGP1A6AJ1M.md,false,true,file_mtime_utc,file_mtime_utc
JavaScript/配列に独自の関数をもたせる,2018-05-14T15:10:49+09:00,2018-05-14T15:10:49+09:00,_posts/2018-05-14-01CDEMBPH87GHYN8CHD82N5A30.md,false,true,#author(single),#author(single)
JavaScript/配列をn個ずつの配列に分割してそれをまとめた配列を作る,2018-06-05T21:52:40+09:00,2018-06-05T21:52:40+09:00,_posts/2018-06-05-01CF803AE0W37KT5JCCA0SF9YV.md,false,true,#author(single),#author(single)
JavaScriptとCSSで言語切り替えする,2013-08-17T18:07:15+09:00,2013-08-17T18:07:15+09:00,_posts/2013-08-17-01825REKDR1ZTWRG3ZNEHYHHXY.md,false,true,file_mtime_utc,file_mtime_utc
JavaScriptとCSSで言語切り替えする(その2),2013-08-17T18:07:15+09:00,2013-08-17T18:07:15+09:00,_posts/2013-08-17-01825REKDRPV9V18A0NT8X8DRM.md,false,true,file_mtime_utc,file_mtime_utc
Karabiner-Elements/設定,2023-06-02T18:48:43+09:00,2023-06-02T18:48:43+09:00,_posts/2023-06-02-01H1XR4S3RCQ0GPCRQH2JK5V3M.md,false,true,#author(single),#author(single)
Kotlin/4つ要素以上のタプルを作りたい,2024-04-02T12:53:25+09:00,2024-04-02T12:53:25+09:00,_posts/2024-04-02-01HTEF1DR8QPYCBF87TQTM0EXV.md,false,true,#author(single),#author(single)
Kotlin/nullableのAnyをリストにキャストする,2025-08-13T16:22:05+09:00,2025-08-13T16:22:05+09:00,_posts/2025-08-13-01K2H4XEA84E34Z7KPT0JVXYP4.md,false,true,#author(single),#author(single)
Kotlin/spring-retryでリトライする,2022-09-17T12:56:22+09:00,2022-09-17T12:56:22+09:00,_posts/2022-09-17-01GD4SE5KG6MNX7SJSQP9286P3.md,false,true,#author(single),#author(single)
Kotlin/継承したクラスを許すジェネリクス,2018-06-28T10:34:20+09:00,2018-06-28T10:34:20+09:00,_posts/2018-06-28-01CH20DSB07FN5Q8R1THJN7XVP.md,false,true,#author(single),#author(single)
Linux/LISTENしているポートとプログラムを調べる,2013-08-17T18:07:15+09:00,2013-08-17T18:07:15+09:00,_posts/2013-08-17-01825REKDRYTQB6340268EANQ5.md,false,true,file_mtime_utc,file_mtime_utc
Linux/cron設定する,2013-08-17T18:07:15+09:00,2013-08-17T18:07:15+09:00,_posts/2013-08-17-01825REKDRMXGV12927V9ZPFH2.md,false,true,file_mtime_utc,file_mtime_utc
Linux/アプリケーションの起動方法と終了方法まとめ,2013-08-18T03:03:04+09:00,2013-08-18T03:03:04+09:00,_posts/2013-08-18-01826Q3PY0E9EVX6CRGG1VJKBW.md,false,true,file_mtime_utc,file_mtime_utc
Linux/マシンスペックを調べる,2013-08-17T18:07:15+09:00,2013-08-17T18:07:15+09:00,_posts/2013-08-17-01825REKDRM6501T22YKBPHAG5.md,false,true,file_mtime_utc,file_mtime_utc
Linux/ログアウト時にコマンドの実行履歴をクリアする,2013-08-17T18:07:15+09:00,2013-08-17T18:07:15+09:00,_posts/2013-08-17-01825REKDRDMMV0XBT5XFTPCYZ.md,false,true,file_mtime_utc,file_mtime_utc
Linux/起動時にプログラムを実行する,2013-08-17T18:07:15+09:00,2013-08-17T18:07:15+09:00,_posts/2013-08-17-01825REKDRQEY0JKJ46405PYRD.md,false,true,file_mtime_utc,file_mtime_utc
Lubuntu/Google Chromeをインストールする,2024-08-14T22:23:19+09:00,2024-08-14T22:23:19+09:00,_posts/2024-08-14-01J58GX8ARPZ3TX11MGZKV8V6E.md,false,true,#author(single),#author(single)
Lubuntu/日本語入力する,2024-08-14T22:11:07+09:00,2024-08-14T22:11:07+09:00,_posts/2024-08-14-01J58G6XFR536CK3PC3DM97Y6C.md,false,true,#author(single),#author(single)
Mac,2013-08-17T18:07:15+09:00,2013-08-17T18:07:15+09:00,_posts/2013-08-17-01825REKDRJ5WAGHFG3FJDF9BE.md,false,true,file_mtime_utc,file_mtime_utc
Mac/CDをコピーする,2013-08-17T18:07:15+09:00,2013-08-17T18:07:15+09:00,_posts/2013-08-17-01825REKDRKSJFWB54KYSC6V87.md,false,true,file_mtime_utc,file_mtime_utc
Mac/OSクリーンインストール後にしたこと,2018-09-29T19:13:45+09:00,2018-09-29T19:13:45+09:00,_posts/2018-09-29-01CRJD3PX8P1C48RQ4CFYWRE8E.md,false,true,#author(single),#author(single)
Mac/Windows用のキーボードを使う,2018-03-09T10:39:12+09:00,2018-03-09T10:39:12+09:00,_posts/2018-03-09-01C846JXG0HZMDCCCGA6S7RM11.md,false,true,#author(single),#author(single)
Mac/ドラッグ＆ドロップでコピーする,2013-08-17T18:07:15+09:00,2013-08-17T18:07:15+09:00,_posts/2013-08-17-01825REKDRNA06HA2C8JVY3ATW.md,false,true,file_mtime_utc,file_mtime_utc
Mac/開発環境のいろいろ,2018-01-12T10:53:47+09:00,2018-01-12T10:53:47+09:00,_posts/2018-01-12-01C3M15BZR9P8111GR0DQCJBRM.md,false,true,#author(single),#author(single)
MenuBar,2017-07-30T05:12:16+09:00,2017-07-30T05:12:16+09:00,_posts/2017-07-30-01BP7ZMQ8003QENPGXCY6VTX9J.md,true,false,#author(single),#author(single)
MySQL,2013-08-17T18:07:15+09:00,2013-08-17T18:07:15+09:00,_posts/2013-08-17-01825REKDRSGH7FWHYVB6HX244.md,false,true,file_mtime_utc,file_mtime_utc
MySQL/MySQLをインストールする,2013-08-17T18:07:15+09:00,2013-08-17T18:07:15+09:00,_posts/2013-08-17-01825REKDRK0B8MF7Q1YHQ4N4Q.md,false,true,file_mtime_utc,file_mtime_utc
MySQL/PreparedStatementを使ってlike検索する,2016-01-06T10:56:21+09:00,2016-01-06T10:56:21+09:00,_posts/2016-01-06-01A8AACBC8ND8EVQB8T1DKS1B7.md,false,true,file_mtime_utc,file_mtime_utc
MySQL/TRUNCATEするとAUTO_INCREMENTは最初から数える,2013-11-20T10:14:34+09:00,2013-11-20T10:14:34+09:00,_posts/2013-11-20-0189SH5C4G7CWJQ4YMYNM1E72V.md,false,true,file_mtime_utc,file_mtime_utc
MySQL/Unix系OSにMySQLをインストールする,2013-08-17T18:07:15+09:00,2013-08-17T18:07:15+09:00,_posts/2013-08-17-01825REKDR0AK2C76Y6B7Y37WB.md,false,true,file_mtime_utc,file_mtime_utc
MySQL/WindowsにMySQLをインストールする,2013-08-17T18:07:15+09:00,2013-08-17T18:07:15+09:00,_posts/2013-08-17-01825REKDRGH8FEPX4MYZEZ4RR.md,false,true,file_mtime_utc,file_mtime_utc
MySQL/csvファイルを出力する,2013-08-21T10:37:47+09:00,2013-08-21T10:37:47+09:00,_posts/2013-08-21-0182F8AFFR1345CTAP409AXNBG.md,false,true,file_mtime_utc,file_mtime_utc
MySQL/tsvファイルを出力する,2013-08-21T10:39:08+09:00,2013-08-21T10:39:08+09:00,_posts/2013-08-21-0182F8CYK0E4DE0GD9BE8E1SVQ.md,false,true,file_mtime_utc,file_mtime_utc
MySQL/サーバーサイドPreparedStatementする,2013-08-17T18:07:15+09:00,2013-08-17T18:07:15+09:00,_posts/2013-08-17-01825REKDRYKJDQS66GQ4KJMNM.md,false,true,file_mtime_utc,file_mtime_utc
MySQL/シェルからupdateした件数を取得する,2013-08-29T17:26:56+09:00,2013-08-29T17:26:56+09:00,_posts/2013-08-29-01834JXD401HHTNHMTYMTNJKE3.md,false,true,file_mtime_utc,file_mtime_utc
MySQL/データベースをダンプする,2017-04-13T18:23:52+09:00,2017-04-13T18:23:52+09:00,_posts/2017-04-13-01BDKA0J204AGJJFG9QHE7RHY6.md,false,true,#author(single),#author(single)
MySQL/データベースを作成する,2013-08-17T18:07:15+09:00,2013-08-17T18:07:15+09:00,_posts/2013-08-17-01825REKDRZKVFR2RWTH543RHB.md,false,true,file_mtime_utc,file_mtime_utc
MySQL/パフォーマンスチューニング,2013-08-17T18:07:15+09:00,2013-08-17T18:07:15+09:00,_posts/2013-08-17-01825REKDRP6SYFRVKWSYW8TTH.md,false,true,file_mtime_utc,file_mtime_utc
MySQL/ファイルをインポート・エクスポートする,2013-08-17T18:07:15+09:00,2013-08-17T18:07:15+09:00,_posts/2013-08-17-01825REKDRD9XCGSCVPQJYY4RR.md,false,true,file_mtime_utc,file_mtime_utc
MySQL/ユーザを削除する,2013-08-17T18:07:15+09:00,2013-08-17T18:07:15+09:00,_posts/2013-08-17-01825REKDRSA99KPNWEFDFZSVW.md,false,true,file_mtime_utc,file_mtime_utc
MySQL/ユーザーを作成する,2013-08-17T18:07:15+09:00,2013-08-17T18:07:15+09:00,_posts/2013-08-17-01825REKDR9VYNKMVTY10WQMYZ.md,false,true,file_mtime_utc,file_mtime_utc
MySQL/ユーザーを管理する,2013-08-17T18:07:15+09:00,2013-08-17T18:07:15+09:00,_posts/2013-08-17-01825REKDRQ1BCZ8JMWWF682P8.md,false,true,file_mtime_utc,file_mtime_utc
MySQL/レコードの作成日時と更新日時を自動でセットする,2013-08-17T18:07:15+09:00,2013-08-17T18:07:15+09:00,_posts/2013-08-17-01825REKDR5YN9PVK8AH6DEQJY.md,false,true,file_mtime_utc,file_mtime_utc
MySQL/ロックを解除する,2013-08-17T18:07:15+09:00,2013-08-17T18:07:15+09:00,_posts/2013-08-17-01825REKDRA0XF2M0F9ASWX00A.md,false,true,file_mtime_utc,file_mtime_utc
MySQL/ロック状態を調べる,2013-08-17T18:07:15+09:00,2013-08-17T18:07:15+09:00,_posts/2013-08-17-01825REKDR8B9T01TTPHPKEH51.md,false,true,file_mtime_utc,file_mtime_utc
MySQL/接続を強制切断する,2013-08-17T18:07:15+09:00,2013-08-17T18:07:15+09:00,_posts/2013-08-17-01825REKDRF3KBSA5MCN0TWJHV.md,false,true,file_mtime_utc,file_mtime_utc
MySQL/接続数を確認する,2013-08-17T18:07:15+09:00,2013-08-17T18:07:15+09:00,_posts/2013-08-17-01825REKDRPT4HJQHWBVQYMT9K.md,false,true,file_mtime_utc,file_mtime_utc
MySQL/行ロックする,2013-08-17T18:07:15+09:00,2013-08-17T18:07:15+09:00,_posts/2013-08-17-01825REKDR5V9JTJPP6375172T.md,false,true,file_mtime_utc,file_mtime_utc
OCI/用語,2023-05-24T10:46:14+09:00,2023-05-24T10:46:14+09:00,_posts/2023-05-24-01H15PYVKG21YA8YSEQKFKDXKN.md,false,true,#author(single),#author(single)
PHP,2022-05-08T16:50:33+09:00,2022-05-08T16:50:33+09:00,_posts/2022-05-08-01G2HAC398JN6VJERPY71KY9YW.md,true,false,file_mtime_utc,file_mtime_utc
Parse,2013-08-17T18:07:15+09:00,2013-08-17T18:07:15+09:00,_posts/2013-08-17-01825REKDRQFGPE5PK9SDT43YW.md,false,true,file_mtime_utc,file_mtime_utc
Parse/Webホスティングを利用する,2013-08-17T18:07:15+09:00,2013-08-17T18:07:15+09:00,_posts/2013-08-17-01825REKDRS83XDW8XAFD9DQP9.md,false,true,file_mtime_utc,file_mtime_utc
Parse/オブジェクトを保存する,2013-08-17T18:07:15+09:00,2013-08-17T18:07:15+09:00,_posts/2013-08-17-01825REKDR0M2AQW8C4XXVAW89.md,false,true,file_mtime_utc,file_mtime_utc
Parse/オブジェクトを削除する,2013-08-17T18:07:15+09:00,2013-08-17T18:07:15+09:00,_posts/2013-08-17-01825REKDR15TZ9JW8Q8BMBAZH.md,false,true,file_mtime_utc,file_mtime_utc
Parse/オブジェクトを取得する,2013-08-17T18:07:15+09:00,2013-08-17T18:07:15+09:00,_posts/2013-08-17-01825REKDRWR4ZN162H5TRAAQS.md,false,true,file_mtime_utc,file_mtime_utc
Parse/オブジェクトを更新する,2013-08-17T18:07:15+09:00,2013-08-17T18:07:15+09:00,_posts/2013-08-17-01825REKDRV7B1TRBKSGM9CE28.md,false,true,file_mtime_utc,file_mtime_utc
Perl/クラスを作成する,2013-08-17T18:07:15+09:00,2013-08-17T18:07:15+09:00,_posts/2013-08-17-01825REKDRHEW4PMNAFH28YM9M.md,false,true,file_mtime_utc,file_mtime_utc
PukiWiki,2022-05-08T16:50:33+09:00,2022-05-08T16:50:33+09:00,_posts/2022-05-08-01G2HAC398WXFPJQWWGV0HRTJP.md,true,false,file_mtime_utc,file_mtime_utc
PukiWiki/1.4,2013-08-17T18:07:15+09:00,2013-08-17T18:07:15+09:00,_posts/2013-08-17-01825REKDRF8DJK9C7GFMC0KHR.md,true,false,file_mtime_utc,file_mtime_utc
PukiWiki/1.4/Manual,2013-08-17T18:07:15+09:00,2013-08-17T18:07:15+09:00,_posts/2013-08-17-01825REKDRECSJ29D3ZVM5MZ6S.md,true,false,file_mtime_utc,file_mtime_utc
PukiWiki/1.4/Manual/Plugin,2016-11-30T03:20:40+09:00,2016-11-30T03:20:40+09:00,_posts/2016-11-30-01B2RN2E60MPRBJRF1PGCDVTQD.md,true,false,file_mtime_utc,file_mtime_utc
PukiWiki/1.4/Manual/Plugin/A-D,2022-05-08T16:51:30+09:00,2022-05-08T16:51:30+09:00,_posts/2022-05-08-01G2HADTYGZHVRWPC5MKZFTTZY.md,true,false,file_mtime_utc,file_mtime_utc
PukiWiki/1.4/Manual/Plugin/E-G,2022-05-08T16:51:30+09:00,2022-05-08T16:51:30+09:00,_posts/2022-05-08-01G2HADTYG7PDRS4YB663D9Z0V.md,true,false,file_mtime_utc,file_mtime_utc
PukiWiki/1.4/Manual/Plugin/H-K,2022-05-08T16:51:30+09:00,2022-05-08T16:51:30+09:00,_posts/2022-05-08-01G2HADTYG61NXFMV87ECWRWCV.md,true,false,file_mtime_utc,file_mtime_utc
PukiWiki/1.4/Manual/Plugin/L-N,2022-05-08T16:51:30+09:00,2022-05-08T16:51:30+09:00,_posts/2022-05-08-01G2HADTYGVRAA8T9N2YJ7P02Z.md,true,false,file_mtime_utc,file_mtime_utc
PukiWiki/1.4/Manual/Plugin/O-R,2022-05-08T16:51:30+09:00,2022-05-08T16:51:30+09:00,_posts/2022-05-08-01G2HADTYGS970KZ64D300V6GX.md,true,false,file_mtime_utc,file_mtime_utc
PukiWiki/1.4/Manual/Plugin/S-U,2022-05-08T16:51:30+09:00,2022-05-08T16:51:30+09:00,_posts/2022-05-08-01G2HADTYG4DPC4Z98DCJVCXVB.md,true,false,file_mtime_utc,file_mtime_utc
PukiWiki/1.4/Manual/Plugin/V-Z,2022-05-08T16:51:30+09:00,2022-05-08T16:51:30+09:00,_posts/2022-05-08-01G2HADTYG5TTCA97BBCPD6RMR.md,true,false,file_mtime_utc,file_mtime_utc
PukiWiki/再設置時のパーミション設定,2013-08-17T18:07:15+09:00,2013-08-17T18:07:15+09:00,_posts/2013-08-17-01825REKDRPNQEK32M0TFFASZH.md,true,false,file_mtime_utc,file_mtime_utc
React,2017-12-08T16:56:40+09:00,2017-12-08T16:56:40+09:00,_posts/2017-12-08-01C0TJ0NP0Y5HGYSD21H3V3P4W.md,false,true,#author(single),#author(single)
React/Rechartsで円グラフを描く,2018-03-23T18:31:05+09:00,2018-03-23T18:31:05+09:00,_posts/2018-03-23-01C99350X8S49H1FSDVG3QAM3S.md,false,true,#author(single),#author(single)
React/クエリストリングを処理する,2018-01-18T17:53:12+09:00,2018-01-18T17:53:12+09:00,_posts/2018-01-18-01C447HN60ABC3S9PYEYX5RD8Q.md,false,true,#author(single),#author(single)
React/ディレクトリ構成案,2017-12-19T17:00:25+09:00,2017-12-19T17:00:25+09:00,_posts/2017-12-19-01C1PWKED8KJTFWN2GH51ER4E7.md,false,true,#author(single),#author(single)
React/ベースURLを設定する,2017-12-14T14:34:35+09:00,2017-12-14T14:34:35+09:00,_posts/2017-12-14-01C19R8TFR55H2VYA59JFPQFY7.md,false,true,#author(single),#author(single)
React/作り始めにやること,2018-05-28T11:11:11+09:00,2018-05-28T11:11:11+09:00,_posts/2018-05-28-01CEJ86ZGRBK9M36E4RAV310J4.md,false,true,#author(single),#author(single)
React/周辺のいろいろ,2017-12-12T16:45:59+09:00,2017-12-12T16:45:59+09:00,_posts/2017-12-12-01C14TZZPRG2H0W8MSPB10130M.md,false,true,#author(single),#author(single)
React/子コンポーネントのフィールドから値を取得する,2018-05-14T15:00:57+09:00,2018-05-14T15:00:57+09:00,_posts/2018-05-14-01CDEKSMD8NKT5ZDBGXGS3RMHB.md,false,true,#author(single),#author(single)
React/条件分岐と繰り返しをする,2017-12-07T10:50:09+09:00,2017-12-07T10:50:09+09:00,_posts/2017-12-07-01C0QAMV38MPHGTTW6XXY8RYEC.md,false,true,#author(single),#author(single)
React/用語,2017-12-08T15:06:11+09:00,2017-12-08T15:06:11+09:00,_posts/2017-12-08-01C0TBPC1RTMNQ548A6SAAPV8H.md,false,true,#author(single),#author(single)
React/絶対パスでimportを書く,2018-11-04T20:49:47+09:00,2018-11-04T20:49:47+09:00,_posts/2018-11-04-01CVF8XDVRVSHP5GBPQRAMQWKX.md,false,true,#author(single),#author(single)
RecentChanges,2025-08-13T16:22:05.392675+09:00,2025-08-13T16:22:05.392675+09:00,_posts/2025-08-13-01K2H4XEPGYFCRXBNTVNRSJSMA.md,true,false,file_mtime_utc,file_mtime_utc
RecentDeleted,2024-10-28T13:50:59.945915+09:00,2024-10-28T13:50:59.945915+09:00,_posts/2024-10-28-01JB8QD2Q90FPA1XKDRRZBKYW8.md,true,false,file_mtime_utc,file_mtime_utc
Redmine/親子関係を崩さずにガントチャートを日付順に表示する,2017-06-14T10:57:25+09:00,2017-06-14T10:57:25+09:00,_posts/2017-06-14-01BJJ53MW8GZ4ZQ7V9HXD5MDNS.md,false,true,#author(single),#author(single)
Redmine/運用のコツ,2013-08-17T18:07:15+09:00,2013-08-17T18:07:15+09:00,_posts/2013-08-17-01825REKDRA8TANGVAYHMV94TF.md,false,true,file_mtime_utc,file_mtime_utc
SVN,2013-08-17T18:07:15+09:00,2013-08-17T18:07:15+09:00,_posts/2013-08-17-01825REKDRG2F4P1Z4FCZBFC8J.md,false,true,file_mtime_utc,file_mtime_utc
SVN/TortoiseSVNで特定のファイルをコミットしないようにしたい,2017-08-23T20:38:09+09:00,2017-08-23T20:38:09+09:00,_posts/2017-08-23-01BR7E5A78X69MGNXYA9GBVRV6.md,false,true,#author(single),#author(single)
SVN/TortoiseSVNをインストールする,2013-08-17T18:07:15+09:00,2013-08-17T18:07:15+09:00,_posts/2013-08-17-01825REKDRD84AXKC8AGM3K0Z4.md,false,true,file_mtime_utc,file_mtime_utc
SVN/WindowsにSVNサーバをインストールする,2013-08-17T18:07:15+09:00,2013-08-17T18:07:15+09:00,_posts/2013-08-17-01825REKDREB91JFZAXCJKGBFW.md,false,true,file_mtime_utc,file_mtime_utc
SVN/sshで接続する,2013-08-17T18:07:15+09:00,2013-08-17T18:07:15+09:00,_posts/2013-08-17-01825REKDRVX0S6TB9NVG3CFZ6.md,false,true,file_mtime_utc,file_mtime_utc
SVN/コマンドラインの基本操作,2013-08-17T18:07:15+09:00,2013-08-17T18:07:15+09:00,_posts/2013-08-17-01825REKDRS10ASF8YV5MHANR2.md,false,true,file_mtime_utc,file_mtime_utc
SVN/チェックアウトして更新する,2013-08-17T18:07:15+09:00,2013-08-17T18:07:15+09:00,_posts/2013-08-17-01825REKDRM9MHCRY4SXC28WG8.md,false,true,file_mtime_utc,file_mtime_utc
SVN/ブランチ間の差分を確認する,2013-08-17T18:07:15+09:00,2013-08-17T18:07:15+09:00,_posts/2013-08-17-01825REKDRX21AJTCMJM749BW5.md,false,true,file_mtime_utc,file_mtime_utc
SVN/マージする,2014-05-29T12:12:16+09:00,2014-05-29T12:12:16+09:00,_posts/2014-05-29-018S2ZDEM0RRSNVS4M76F61Q6E.md,false,true,file_mtime_utc,file_mtime_utc
SVN/リビジョン間の差分を確認する,2013-08-17T18:07:15+09:00,2013-08-17T18:07:15+09:00,_posts/2013-08-17-01825REKDRV7C0PX298ZB0XCJZ.md,false,true,file_mtime_utc,file_mtime_utc
SVN/リポジトリを作成する,2014-06-28T21:57:20+09:00,2014-06-28T21:57:20+09:00,_posts/2014-06-28-018VH8T9W089ETJV9PKZ9KP3AE.md,false,true,file_mtime_utc,file_mtime_utc
SVN/リポジトリを移行する,2013-08-17T18:07:15+09:00,2013-08-17T18:07:15+09:00,_posts/2013-08-17-01825REKDRTKQBDSEQ4Q262TMD.md,false,true,file_mtime_utc,file_mtime_utc
SVN/更新履歴を確認する,2013-08-17T18:07:15+09:00,2013-08-17T18:07:15+09:00,_posts/2013-08-17-01825REKDRXWX8BA47Y7A2D556.md,false,true,file_mtime_utc,file_mtime_utc
SandBox,2022-05-08T16:31:26+09:00,2022-05-08T16:31:26+09:00,_posts/2022-05-08-01G2H9935GHEPFA55GE4YD9Z0V.md,true,false,file_mtime_utc,file_mtime_utc
Singleton,2013-08-17T18:07:15+09:00,2013-08-17T18:07:15+09:00,_posts/2013-08-17-01825REKDRG1GDW0PYEWQ4X73Q.md,false,true,file_mtime_utc,file_mtime_utc
Sprign Boot/Doma 2/複数のデータソースを設定する,2023-02-10T09:29:18+09:00,2023-02-10T09:29:18+09:00,_posts/2023-02-10-01GRWBKYSGM11AMZ2F5EZ95PC0.md,false,true,#author(single),#author(single)
Spring Batch,2013-08-17T18:07:15+09:00,2013-08-17T18:07:15+09:00,_posts/2013-08-17-01825REKDRW0GHAGMPXJMVVF1F.md,false,true,file_mtime_utc,file_mtime_utc
Spring Batch/準備する,2013-08-17T18:07:15+09:00,2013-08-17T18:07:15+09:00,_posts/2013-08-17-01825REKDR6DGPJ9KBWJV822PN.md,false,true,file_mtime_utc,file_mtime_utc
Spring Boot,2017-04-14T12:12:58+09:00,2017-04-14T12:12:58+09:00,_posts/2017-04-14-01BDN764MGKGKGHZ4NC58A0NAG.md,false,true,#author(single),#author(single)
Spring Boot/Data JPA/エンティティを実装する,2023-02-07T19:31:34+09:00,2023-02-07T19:31:34+09:00,_posts/2023-02-07-01GRNPWJVGJT55Q0FDE0CYF9Y8.md,false,true,#author(single),#author(single)
Spring Boot/KotlinでCustom Validatorを作成する,2018-02-14T15:29:03+09:00,2018-02-14T15:29:03+09:00,_posts/2018-02-14-01C69G13WRA4DJA1MED7P3CDCZ.md,false,true,#author(single),#author(single)
Spring Boot/Kotlinで書く,2017-12-13T17:08:46+09:00,2017-12-13T17:08:46+09:00,_posts/2017-12-13-01C17EPDNG95BH9K8SZZ9S9N2Q.md,false,true,#author(single),#author(single)
Spring Boot/Kotlinで最小限のアプリケーションを書く,2017-12-13T17:43:44+09:00,2017-12-13T17:43:44+09:00,_posts/2017-12-13-01C17GPEG0EG2M9RJ73N90DFBJ.md,false,true,#author(single),#author(single)
Spring Boot/authoritiesに応じて処理をガードする,2018-02-21T14:16:48+09:00,2018-02-21T14:16:48+09:00,_posts/2018-02-21-01C6VCNVG09BCTXY5YHP6BVCNC.md,false,true,#author(single),#author(single)
Spring Boot/warファイルを作成する,2017-04-14T12:11:06+09:00,2017-04-14T12:11:06+09:00,_posts/2017-04-14-01BDN72Q8GZHEGZ6BQD5FQS47W.md,false,true,#author(single),#author(single)
Spring Boot/パスワードの有効期限切れでリダイレクトする,2017-05-31T15:43:05+09:00,2017-05-31T15:43:05+09:00,_posts/2017-05-31-01BHEKWN58DJ074QB6KCHT5F82.md,false,true,#author(single),#author(single)
Spring Boot/プロジェクトを分割してGradleでビルドする,2017-03-23T12:56:06+09:00,2017-03-23T12:56:06+09:00,_posts/2017-03-23-01BBWMX9ZGCN5SAZ878974BECX.md,false,true,#author(single),#author(single)
Spring Boot/ログインエラーのメッセージをカスタマイズする,2017-05-22T16:11:02+09:00,2017-05-22T16:11:02+09:00,_posts/2017-05-22-01BGQFXBVGJN9JV0F23RC8N419.md,false,true,#author(single),#author(single)
Spring Boot/ログインユーザー情報を取得する,2017-05-30T10:35:43+09:00,2017-05-30T10:35:43+09:00,_posts/2017-05-30-01BHBFX4CRAY8QPA1TBKTFBFVZ.md,false,true,#author(single),#author(single)
Spring Boot/作り始めにやること,2017-03-23T12:49:51+09:00,2017-03-23T12:49:51+09:00,_posts/2017-03-23-01BBWMHVRRXZ5394YDAARP10RQ.md,false,true,#author(single),#author(single)
Spring Boot/実行環境ごとにプロパティを設定する,2017-04-14T13:03:19+09:00,2017-04-14T13:03:19+09:00,_posts/2017-04-14-01BDNA2ATRSFCDM29ZH2NN440E.md,false,true,#author(single),#author(single)
Spring Boot/実行環境ごとにログファイルの出力先を変える,2017-04-27T12:32:05+09:00,2017-04-27T12:32:05+09:00,_posts/2017-04-27-01BEPQEFR8XZSMGN2JR3JW307D.md,false,true,#author(single),#author(single)
Spring Boot/特定のログインエラーで画面遷移する,2017-05-24T11:40:13+09:00,2017-05-24T11:40:13+09:00,_posts/2017-05-24-01BGW56XP8K2HQT36S3F2GWB7T.md,false,true,#author(single),#author(single)
Spring Boot/相関項目チェックする,2017-05-29T10:32:24+09:00,2017-05-29T10:32:24+09:00,_posts/2017-05-29-01BH8XAB207NE43XJ53DG1HGEE.md,false,true,#author(single),#author(single)
Spring Boot/突合チェックする,2018-02-14T16:22:39+09:00,2018-02-14T16:22:39+09:00,_posts/2018-02-14-01C69K38GRTJV849D98DZ36V7V.md,false,true,#author(single),#author(single)
Spring Boot/複数のチェックボックスで入力する,2017-05-31T10:41:01+09:00,2017-05-31T10:41:01+09:00,_posts/2017-05-31-01BHE2KHY8K1E3BQ8DH7Z3YFXE.md,false,true,#author(single),#author(single)
Spring Boot/開発環境構築のメモ,2017-12-13T10:44:24+09:00,2017-12-13T10:44:24+09:00,_posts/2017-12-13-01C16RPM60R271GW9Z67JWFBCV.md,false,true,#author(single),#author(single)
Tomcat,2013-08-17T18:07:15+09:00,2013-08-17T18:07:15+09:00,_posts/2013-08-17-01825REKDR1A8TAZHHARWC5YPQ.md,false,true,file_mtime_utc,file_mtime_utc
Tomcat/AJPで80番ポートから接続する,2013-08-17T18:07:15+09:00,2013-08-17T18:07:15+09:00,_posts/2013-08-17-01825REKDR1TNNF2GFFSWNETN2.md,false,true,file_mtime_utc,file_mtime_utc
Tomcat/WARファイルを配置する,2013-08-17T18:07:15+09:00,2013-08-17T18:07:15+09:00,_posts/2013-08-17-01825REKDRK97SKXWZHS9DQYHD.md,false,true,file_mtime_utc,file_mtime_utc
Tomcat/WindowsにTomcatをインストールする,2013-08-17T18:07:15+09:00,2013-08-17T18:07:15+09:00,_posts/2013-08-17-01825REKDR2DMVX2JBSQSVFZMX.md,false,true,file_mtime_utc,file_mtime_utc
Tomcat/キャッシュを無効化する,2013-08-17T18:07:15+09:00,2013-08-17T18:07:15+09:00,_posts/2013-08-17-01825REKDR0VPDW17198DW3NEG.md,false,true,file_mtime_utc,file_mtime_utc
UI,2013-08-17T18:07:15+09:00,2013-08-17T18:07:15+09:00,_posts/2013-08-17-01825REKDRJVMWC56DX50E8R4P.md,false,true,file_mtime_utc,file_mtime_utc
UI/検索,2013-08-17T18:07:15+09:00,2013-08-17T18:07:15+09:00,_posts/2013-08-17-01825REKDRZ3VX3DXSVHSNG0XX.md,false,true,file_mtime_utc,file_mtime_utc
Unicode,2013-08-17T18:07:15+09:00,2024-10-28T13:54:20+09:00,_posts/2013-08-17-01825REKDRF5F33G9SQXT37JAC.md,false,true,#author,#author
VSCode/Extensionを開発する,2024-03-15T16:07:08+09:00,2024-03-15T16:07:08+09:00,_posts/2024-03-15-01HS0EZ6B0N47AMT9CKTNDD6PS.md,false,true,#author(single),#author(single)
Vim/バッファをページ送りする,2014-05-07T15:34:04+09:00,2014-05-07T15:34:04+09:00,_posts/2014-05-07-018QAP74V0EA5SKNTMC96V6045.md,false,true,file_mtime_utc,file_mtime_utc
Vim/パターンにマッチする部分でソートする,2013-08-17T18:07:15+09:00,2013-08-17T18:07:15+09:00,_posts/2013-08-17-01825REKDRC4QDN951ZFQYXD3T.md,false,true,file_mtime_utc,file_mtime_utc
Vim/ファイルタイプを指定してインデントする,2014-05-03T13:13:06+09:00,2014-05-03T13:13:06+09:00,_posts/2014-05-03-018Q04J52GHVNMH9FVPEZMKWJV.md,false,true,file_mtime_utc,file_mtime_utc
Visual Studio Code/設定,2023-05-31T09:55:04+09:00,2023-05-31T09:55:04+09:00,_posts/2023-05-31-01H1QMT6J0SD1ENGH2JY1JVB95.md,false,true,#author(single),#author(single)
Webエンジニアに仕上げる,2014-06-10T11:22:09+09:00,2014-06-10T11:22:09+09:00,_posts/2014-06-10-018T1SAA38YMJW4SC1WSPSPE2Q.md,false,true,file_mtime_utc,file_mtime_utc
Wicket,2013-08-17T18:07:15+09:00,2013-08-17T18:07:15+09:00,_posts/2013-08-17-01825REKDRP3R42G5PCDNZV0JR.md,false,true,file_mtime_utc,file_mtime_utc
Wicket/Ajaxでページを部分更新する,2013-08-17T18:07:15+09:00,2013-08-17T18:07:15+09:00,_posts/2013-08-17-01825REKDR4CP9AMZR6FG0MSZE.md,false,true,file_mtime_utc,file_mtime_utc
Wicket/ページオブジェクトとセッション,2013-08-17T18:07:15+09:00,2013-08-17T18:07:15+09:00,_posts/2013-08-17-01825REKDR8RGE0B9MC0AXB172.md,false,true,file_mtime_utc,file_mtime_utc
Wicket/ローカルの画像ファイルを表示する,2013-08-17T18:07:15+09:00,2013-08-17T18:07:15+09:00,_posts/2013-08-17-01825REKDRVK8HCKBQ2YPSR2WK.md,false,true,file_mtime_utc,file_mtime_utc
Wicket/環境設定,2013-08-17T18:07:15+09:00,2013-08-17T18:07:15+09:00,_posts/2013-08-17-01825REKDRB0ZT2V1HJXJ7PY0V.md,false,true,file_mtime_utc,file_mtime_utc
Wicket/運用モードを設定する,2013-08-17T18:07:15+09:00,2013-08-17T18:07:15+09:00,_posts/2013-08-17-01825REKDRWT5H2ZQCQT7WNCKS.md,false,true,file_mtime_utc,file_mtime_utc
WikiEngines,2013-08-17T18:07:15+09:00,2013-08-17T18:07:15+09:00,_posts/2013-08-17-01825REKDRNVTTEPXXDJS7W7ZY.md,true,false,file_mtime_utc,file_mtime_utc
WikiName,2013-08-17T18:07:15+09:00,2013-08-17T18:07:15+09:00,_posts/2013-08-17-01825REKDR46MEPAJ42TZADCW1.md,true,false,file_mtime_utc,file_mtime_utc
WikiWikiWeb,2022-05-08T16:50:33+09:00,2022-05-08T16:50:33+09:00,_posts/2022-05-08-01G2HAC3981WCDFMDCC2GH96DK.md,true,false,file_mtime_utc,file_mtime_utc
WinMerge/特定の行を無視する,2017-08-23T20:36:43+09:00,2017-08-23T20:36:43+09:00,_posts/2017-08-23-01BR7E2P7R38Q8WZE2CV5HFJWY.md,false,true,#author(single),#author(single)
Windows/WSL2のUbuntuをアップグレードする,2024-05-05T22:19:45+09:00,2024-05-05T22:19:45+09:00,_posts/2024-05-05-01HX4EJ4B8MSN0Q4K0J7F3CQ5H.md,false,true,#author(single),#author(single)
WindowsでWebアプリケーションを作ってみる,2013-08-17T18:07:15+09:00,2013-08-17T18:07:15+09:00,_posts/2013-08-17-01825REKDRF59BCD8KYSM0CVBA.md,false,true,file_mtime_utc,file_mtime_utc
WindowsにUbuntuをインストールしたあとにしたこと,2019-09-01T11:20:37+09:00,2019-09-01T11:20:37+09:00,_posts/2019-09-01-01DKN9ZK885S3AY80FV41MY4SH.md,false,true,#author(single),#author(single)
YukiWiki,2022-05-08T16:50:33+09:00,2022-05-08T16:50:33+09:00,_posts/2022-05-08-01G2HAC3988KQA4QJVA97SXQTF.md,true,false,file_mtime_utc,file_mtime_utc
emacs,2013-08-17T18:07:15+09:00,2013-08-17T18:07:15+09:00,_posts/2013-08-17-01825REKDR5PR89TJN711QNMZF.md,false,true,file_mtime_utc,file_mtime_utc
emacs/コマンド,2013-08-17T18:07:15+09:00,2013-08-17T18:07:15+09:00,_posts/2013-08-17-01825REKDRKZD30JJK0ZRD28N9.md,false,true,file_mtime_utc,file_mtime_utc
emacs/設定,2013-08-17T18:07:15+09:00,2013-08-17T18:07:15+09:00,_posts/2013-08-17-01825REKDRR6FECGFK7Y45B41F.md,false,true,file_mtime_utc,file_mtime_utc
fstab/tmpディレクトリにメモリ空間をあてる,2013-08-17T18:07:15+09:00,2013-08-17T18:07:15+09:00,_posts/2013-08-17-01825REKDRVSMHTZQ9E5HCKNDD.md,false,true,file_mtime_utc,file_mtime_utc
gradle/複数モジュール構成のプロジェクトをSonarCubeにプットする,2017-03-30T16:19:34+09:00,2017-03-30T16:19:34+09:00,_posts/2017-03-30-01BCF1AWVG70MX6FSFSFW4R8K0.md,false,true,#author(single),#author(single)
iptables,2013-08-17T18:07:15+09:00,2013-08-17T18:07:15+09:00,_posts/2013-08-17-01825REKDRPKZ1QTWH9GAPJX44.md,false,true,file_mtime_utc,file_mtime_utc
iptables/設定,2013-08-17T18:07:15+09:00,2013-08-17T18:07:15+09:00,_posts/2013-08-17-01825REKDRD34KF14MADDR4JEQ.md,false,true,file_mtime_utc,file_mtime_utc
iptables/設定の保存,2013-08-17T18:07:15+09:00,2013-08-17T18:07:15+09:00,_posts/2013-08-17-01825REKDRE7WKWN8DSFS1YJW2.md,false,true,file_mtime_utc,file_mtime_utc
jQuery/jQueryオブジェクトの条件を調べる,2013-08-17T18:07:15+09:00,2013-08-17T18:07:15+09:00,_posts/2013-08-17-01825REKDRTNSPJCQB82ZRHRXS.md,false,true,file_mtime_utc,file_mtime_utc
jQuery/直親を取得する,2013-08-17T18:07:15+09:00,2013-08-17T18:07:15+09:00,_posts/2013-08-17-01825REKDR722ZA5W2R2YCAES7.md,false,true,file_mtime_utc,file_mtime_utc
rsync/特定のディレクトリを除外する,2013-12-09T16:26:02+09:00,2013-12-09T16:26:02+09:00,_posts/2013-12-09-018BB3Z6RGNY95P0TVMKK27WG2.md,false,true,file_mtime_utc,file_mtime_utc
screen,2013-08-17T18:07:15+09:00,2013-08-17T18:07:15+09:00,_posts/2013-08-17-01825REKDRVTKFZXF9HVD4X26Y.md,false,true,file_mtime_utc,file_mtime_utc
screen/コマンド,2013-08-17T18:07:15+09:00,2013-08-17T18:07:15+09:00,_posts/2013-08-17-01825REKDR6CB98VK8NEQ46MSX.md,false,true,file_mtime_utc,file_mtime_utc
screen/設定,2013-08-17T18:07:15+09:00,2013-08-17T18:07:15+09:00,_posts/2013-08-17-01825REKDR5S8Q2APHSYQY75M1.md,false,true,file_mtime_utc,file_mtime_utc
vi/設定,2013-08-17T18:07:15+09:00,2013-08-17T18:07:15+09:00,_posts/2013-08-17-01825REKDRHDQ0G4HKWHX7J5DY.md,false,true,file_mtime_utc,file_mtime_utc
「および」、「ならびに」、「もしくは」、「または」の使い方,2013-08-17T18:07:15+09:00,2013-08-17T18:07:15+09:00,_posts/2013-08-17-01825REKDR6BQ46Z4RRFZGB9RJ.md,false,true,file_mtime_utc,file_mtime_utc
こうしておけばよかった,2018-09-09T16:13:41+09:00,2018-09-09T16:13:41+09:00,_posts/2018-09-09-01CPYJVM48PX5WJ5P275PJ26RH.md,false,true,#author(single),#author(single)
こうしておけばよかった/設計,2018-09-09T16:13:33+09:00,2018-09-09T16:13:33+09:00,_posts/2018-09-09-01CPYJVCA8NTRPFFAC6E3BTW0J.md,false,true,#author(single),#author(single)
こうしておけばよかった/設計/reduxのactionをオブジェクトでまとめない,2018-09-11T15:56:27+09:00,2018-09-11T15:56:27+09:00,_posts/2018-09-11-01CQ3PNGBRZQKPRWYVWZQFGFY0.md,false,true,#author(single),#author(single)
こうしておけばよかった/設計/スタイルはjsにではなくcssに書く,2018-09-04T14:58:07+09:00,2018-09-04T14:58:07+09:00,_posts/2018-09-04-01CPHJHNCRXYB3KTYSP2N93GB3.md,false,true,#author(single),#author(single)
こうしておけばよかった/設計/バリューオブジェクトの作成を徹底する,2018-09-09T16:12:21+09:00,2018-09-09T16:12:21+09:00,_posts/2018-09-09-01CPYJS608XGRQJZPTYT7JD619.md,false,true,#author(single),#author(single)
こうしておけばよかった/設計/マスターデータをenumでもつ,2018-08-31T11:30:35+09:00,2018-08-31T11:30:35+09:00,_posts/2018-08-31-01CP6X2S7RJ071F77PYD65A6KZ.md,false,true,#author(single),#author(single)
はじめてのAngular2,2016-10-26T16:17:40+09:00,2016-10-26T16:17:40+09:00,_posts/2016-10-26-01AZZXM0H0X00MAWY7HMZFQYWV.md,false,true,file_mtime_utc,file_mtime_utc
はじめてのAngular2/AtomでTypeScript,2016-07-02T17:24:23+09:00,2016-07-02T17:24:23+09:00,_posts/2016-07-02-01APNBASPRBTHJV7KK04M7JZF4.md,false,true,file_mtime_utc,file_mtime_utc
はじめてのAngular2/Componentを作る・利用する,2016-07-14T16:39:59+09:00,2016-07-14T16:39:59+09:00,_posts/2016-07-14-01AQM5J44RGTQQMRBQNT8THQWR.md,false,true,file_mtime_utc,file_mtime_utc
はじめてのAngular2/EclipseでTypeScript,2016-07-02T17:25:53+09:00,2016-07-02T17:25:53+09:00,_posts/2016-07-02-01APNBDHK83JZZKSS77MAE6EJ8.md,false,true,file_mtime_utc,file_mtime_utc
はじめてのAngular2/Hello Worldと環境構築,2016-07-04T17:43:48+09:00,2016-07-04T17:43:48+09:00,_posts/2016-07-04-01APTH7SD0TDVWBARGT1FXZFXT.md,false,true,file_mtime_utc,file_mtime_utc
はじめてのAngular2/Injectableを作る・利用する,2016-07-14T16:40:37+09:00,2016-07-14T16:40:37+09:00,_posts/2016-07-14-01AQM5K988FQCG5XJRV4SNMK4S.md,false,true,file_mtime_utc,file_mtime_utc
はじめてのAngular2/npmのパッケージ管理,2016-10-16T13:18:14+09:00,2016-10-16T13:18:14+09:00,_posts/2016-10-16-01AZ5VC8VGYH4423K4TC9224P1.md,false,true,file_mtime_utc,file_mtime_utc
はじめてのAngular2/再びHello World,2016-07-07T22:34:25+09:00,2016-07-07T22:34:25+09:00,_posts/2016-07-07-01AQ2S22Q8640N38JE29SDQ00Q.md,false,true,file_mtime_utc,file_mtime_utc
オブジェクト指向/継承を使うとき,2013-08-17T18:07:15+09:00,2013-08-17T18:07:15+09:00,_posts/2013-08-17-01825REKDR977HHTZ8B87XT6FV.md,false,true,file_mtime_utc,file_mtime_utc
サーバ管理,2013-08-17T18:07:15+09:00,2013-08-17T18:07:15+09:00,_posts/2013-08-17-01825REKDR66WE768ES5BGP2F2.md,false,true,file_mtime_utc,file_mtime_utc
サーバ管理/RSA公開鍵認証でsshする,2013-08-17T18:07:15+09:00,2013-08-17T18:07:15+09:00,_posts/2013-08-17-01825REKDRS7PHMHEA1VCSGDBD.md,false,true,file_mtime_utc,file_mtime_utc
サーバ管理/nfs設定する,2013-12-05T13:35:58+09:00,2013-12-05T13:35:58+09:00,_posts/2013-12-05-018B0GMXXGZH6DZY8DC7NRGWNJ.md,false,true,file_mtime_utc,file_mtime_utc
サーバ管理/サービス起動設定,2013-08-17T18:07:15+09:00,2013-08-17T18:07:15+09:00,_posts/2013-08-17-01825REKDRMQFPVQRKM9MZ37SR.md,false,true,file_mtime_utc,file_mtime_utc
サーバ管理/ネットワーク設定する,2013-12-05T13:38:39+09:00,2013-12-05T13:38:39+09:00,_posts/2013-12-05-018B0GSV4R64GNDD6Q3ESGZEJB.md,false,true,file_mtime_utc,file_mtime_utc
サーバ管理/ユーザを管理する,2013-08-17T18:07:15+09:00,2013-08-17T18:07:15+09:00,_posts/2013-08-17-01825REKDRNDCH2EEAPPNSJGX3.md,false,true,file_mtime_utc,file_mtime_utc
シェル,2013-12-04T17:04:17+09:00,2013-12-04T17:04:17+09:00,_posts/2013-12-04-018AYA5MZ8JH631AY3HH5V31KQ.md,false,true,file_mtime_utc,file_mtime_utc
シェル/MySQLにtsvデータをロードする,2013-08-17T18:07:15+09:00,2013-08-17T18:07:15+09:00,_posts/2013-08-17-01825REKDR1MDFF16AY1EMGJZ5.md,false,true,file_mtime_utc,file_mtime_utc
シェル/awkでシェルスクリプト中の変数を使う,2016-08-19T10:45:50+09:00,2016-08-19T10:45:50+09:00,_posts/2016-08-19-01ATG7KH5GVM1HR5EJ825PKS87.md,false,true,file_mtime_utc,file_mtime_utc
シェル/bat,2017-12-07T17:19:31+09:00,2017-12-07T17:19:31+09:00,_posts/2017-12-07-01C0R0XSHRXC1J9VDGEG1888FS.md,false,true,#author(single),#author(single)
シェル/bat/tsvを読んでファイルをコピーする,2017-12-07T13:59:53+09:00,2017-12-07T13:59:53+09:00,_posts/2017-12-07-01C0QNG898HZJTS5S4QZYS9E2Q.md,false,true,#author(single),#author(single)
シェル/bat/成功でも失敗でも元のフォルダに戻る,2017-12-07T17:19:13+09:00,2017-12-07T17:19:13+09:00,_posts/2017-12-07-01C0R0X7Z8CZ1281DYG6ZZQ4CC.md,false,true,#author(single),#author(single)
シェル/bat/複数行に書いて続けて実行する,2017-12-07T17:10:38+09:00,2017-12-07T17:10:38+09:00,_posts/2017-12-07-01C0R0DH1G41VMDSG3WQE37P8K.md,false,true,#author(single),#author(single)
シェル/echoで改行しない,2013-08-17T18:07:15+09:00,2013-08-17T18:07:15+09:00,_posts/2013-08-17-01825REKDR185X88GXYCV64E1J.md,false,true,file_mtime_utc,file_mtime_utc
シェル/grepでここからここまでを切り出す,2013-08-17T18:07:15+09:00,2013-08-17T18:07:15+09:00,_posts/2013-08-17-01825REKDRNXS8T4T895ERNGDJ.md,false,true,file_mtime_utc,file_mtime_utc
シェル/grepで除外する,2013-08-17T18:07:15+09:00,2013-08-17T18:07:15+09:00,_posts/2013-08-17-01825REKDRM9TK5F5VJ6S9AVH8.md,false,true,file_mtime_utc,file_mtime_utc
シェル/if文のいろいろ,2015-08-22T01:48:56+09:00,2015-08-22T01:48:56+09:00,_posts/2015-08-22-019X8JKH60PCDVQBM34W3PRJCV.md,false,true,file_mtime_utc,file_mtime_utc
シェル/sedでスラッシュを取り扱う,2013-08-17T18:07:15+09:00,2013-08-17T18:07:15+09:00,_posts/2013-08-17-01825REKDRHDYPFNNCH1H0N49E.md,false,true,file_mtime_utc,file_mtime_utc
シェル/sedでファイルを上書き更新する,2013-08-17T18:07:15+09:00,2013-08-17T18:07:15+09:00,_posts/2013-08-17-01825REKDR6NJCGW6MKZY4ZMT3.md,false,true,file_mtime_utc,file_mtime_utc
シェル/sedで拡張正規表現を利用する,2017-11-29T14:27:40+09:00,2017-11-29T14:27:40+09:00,_posts/2017-11-29-01C033XC70PXPSA7Y1PFQ3X3AB.md,false,true,#author(single),#author(single)
シェル/sedで行数を指定して行を抜き出す,2014-01-24T20:43:01+09:00,2014-01-24T20:43:01+09:00,_posts/2014-01-24-018F20YTC8P9R4JYJBZBXGZ3SX.md,false,true,file_mtime_utc,file_mtime_utc
シェル/sudoを設定する,2015-08-20T09:14:09+09:00,2015-08-20T09:14:09+09:00,_posts/2015-08-20-019X479A38TA46RHQFDCT8A0AV.md,false,true,file_mtime_utc,file_mtime_utc
シェル/suしてコマンドを実行する,2015-03-04T16:09:42+09:00,2015-03-04T16:09:42+09:00,_posts/2015-03-04-019FHSWQQGBGXYP0BY527J06NG.md,false,true,file_mtime_utc,file_mtime_utc
シェル/zip中のファイルにgrepをかける,2015-06-19T15:12:41+09:00,2015-06-19T15:12:41+09:00,_posts/2015-06-19-019R5757X8BMA3M18YT89E9HES.md,false,true,file_mtime_utc,file_mtime_utc
シェル/ふたつの標準出力をdiffする,2014-01-24T20:51:17+09:00,2014-01-24T20:51:17+09:00,_posts/2014-01-24-018F21DYR8G8FPJ3VN5RBGRVMA.md,false,true,file_mtime_utc,file_mtime_utc
シェル/コマンドが失敗したときのいろいろ,2016-07-22T17:56:39+09:00,2016-07-22T17:56:39+09:00,_posts/2016-07-22-01AR8X48AR5JNVJ63ZKRZ3MQEQ.md,false,true,file_mtime_utc,file_mtime_utc
シェル/シェルスクリプトのあるディレクトリに移動する,2013-12-04T17:53:26+09:00,2013-12-04T17:53:26+09:00,_posts/2013-12-04-018AYCZMVGPCC22XAXRTT28HP8.md,false,true,file_mtime_utc,file_mtime_utc
シェル/スペース区切りを分割する,2018-09-22T14:22:10+09:00,2018-09-22T14:22:10+09:00,_posts/2018-09-22-01CQZVMRYG5VSJH73J8PY36XCT.md,false,true,#author(single),#author(single)
シェル/ディスク使用量を確認する,2013-08-17T18:07:15+09:00,2013-08-17T18:07:15+09:00,_posts/2013-08-17-01825REKDRKRR80E8BY1ZXCSAF.md,false,true,file_mtime_utc,file_mtime_utc
シェル/ディレクトリを上書く,2014-03-26T08:36:57+09:00,2014-03-26T08:36:57+09:00,_posts/2014-03-26-018KXSN6D86XRD1YGXPD048DD8.md,false,true,file_mtime_utc,file_mtime_utc
シェル/ディレクトリ内のファイルを繰り返す,2015-09-16T11:25:32+09:00,2015-09-16T11:25:32+09:00,_posts/2015-09-16-019Z9ZH9B0K8Q17G98CABGBNB5.md,false,true,file_mtime_utc,file_mtime_utc
シェル/パッチを作成する,2017-04-17T12:23:26+09:00,2017-04-17T12:23:26+09:00,_posts/2017-04-17-01BDWYZEXGEBME3X2YD2JAWJG2.md,false,true,#author(single),#author(single)
シェル/ファイルの中身をgrepしてファイル名をリストする,2015-04-03T18:00:11+09:00,2015-04-03T18:00:11+09:00,_posts/2015-04-03-019HZ84KBRCWCPC3GHXJNAZ95N.md,false,true,file_mtime_utc,file_mtime_utc
シェル/ファイルを一行ずつ処理する,2014-12-23T10:21:48+09:00,2014-12-23T10:21:48+09:00,_posts/2014-12-23-0199TBRNZ04SS79452DPATP37J.md,false,true,file_mtime_utc,file_mtime_utc
シェル/ミリ秒単位で待つ,2015-08-21T10:47:40+09:00,2015-08-21T10:47:40+09:00,_posts/2015-08-21-019X6Z18K0GJQZ7Y03D8DD870C.md,false,true,file_mtime_utc,file_mtime_utc
シェル/リアルタイムにgrepする,2024-08-27T14:56:26+09:00,2024-08-27T14:56:26+09:00,_posts/2024-08-27-01J696GARGSD8FQCYKXWESHW9D.md,false,true,#author(single),#author(single)
シェル/実行結果を利用する,2013-12-13T07:27:05+09:00,2013-12-13T07:27:05+09:00,_posts/2013-12-13-018BMEQ7N8VDPG3K4ZVV1S8RQ1.md,false,true,file_mtime_utc,file_mtime_utc
シェル/標準エラー出力を取得する,2013-12-13T07:26:46+09:00,2013-12-13T07:26:46+09:00,_posts/2013-12-13-018BMEPN3G7N46S23E0GEM7BKH.md,false,true,file_mtime_utc,file_mtime_utc
シェル/標準入力から一行ずつ処理する,2013-08-17T18:07:15+09:00,2013-08-17T18:07:15+09:00,_posts/2013-08-17-01825REKDRNWQFVGC07PAREBC4.md,false,true,file_mtime_utc,file_mtime_utc
シェル/特定のディレクトリを除外してファイルを検索する,2014-12-23T13:27:35+09:00,2014-12-23T13:27:35+09:00,_posts/2014-12-23-0199TPCVPRCB7KC7NWXNBCHDCC.md,false,true,file_mtime_utc,file_mtime_utc
シェル/特定の文字列を含むファイルを探す,2014-12-23T13:43:19+09:00,2014-12-23T13:43:19+09:00,_posts/2014-12-23-0199TQ9NJRR6ST366FG7VSTVB1.md,false,true,file_mtime_utc,file_mtime_utc
シェル/色をつける,2014-12-23T10:45:48+09:00,2014-12-23T10:45:48+09:00,_posts/2014-12-23-0199TD4M70DPDS7JP87JGK4V1T.md,false,true,file_mtime_utc,file_mtime_utc
シェル/行数をカウントしてチェックする,2015-04-27T16:06:25+09:00,2015-04-27T16:06:25+09:00,_posts/2015-04-27-019KWV5HB88N6H9YBA78D8N9QH.md,false,true,file_mtime_utc,file_mtime_utc
ソーシャルボタンの代わりに普通のアンカーを使う,2013-10-08T06:36:35+09:00,2013-10-08T06:36:35+09:00,_posts/2013-10-08-0186ADKANR3VRDVTCJYAK527Z1.md,false,true,file_mtime_utc,file_mtime_utc
ソースコード管理実践,2013-09-03T16:00:19+09:00,2013-09-03T16:00:19+09:00,_posts/2013-09-03-0183H9YCXRZHB9TBKW8ZXHCFS9.md,false,true,file_mtime_utc,file_mtime_utc
ソースコード管理実践/ブランチ作戦,2014-06-10T16:31:27+09:00,2014-06-10T16:31:27+09:00,_posts/2014-06-10-018T2B0N4RZE4M7KJJ5QBEA0WQ.md,false,true,file_mtime_utc,file_mtime_utc
ソースコード管理実践/ブランチ戦略,2015-08-30T01:34:22+09:00,2015-08-30T01:34:22+09:00,_posts/2015-08-30-019XX4YKNGMYJ81VPQP48BQPYW.md,false,true,file_mtime_utc,file_mtime_utc
ファイルシステム,2013-08-17T18:07:15+09:00,2013-08-17T18:07:15+09:00,_posts/2013-08-17-01825REKDRP79M59DPVTSGZ78V.md,false,true,file_mtime_utc,file_mtime_utc
ファイルシステム/ソフトリンク,2013-08-17T18:07:15+09:00,2013-08-17T18:07:15+09:00,_posts/2013-08-17-01825REKDRJR1N4DYGKFHN77JN.md,false,true,file_mtime_utc,file_mtime_utc
ファイルシステム/ハードリンク,2013-08-17T18:07:15+09:00,2013-08-17T18:07:15+09:00,_posts/2013-08-17-01825REKDR8P4W8R95NT436MVB.md,false,true,file_mtime_utc,file_mtime_utc
メソッド名の基準,2017-08-18T09:56:06+09:00,2017-08-18T09:56:06+09:00,_posts/2017-08-18-01BQSDE33GNFYFVT95YQSJSZ55.md,false,true,#author(single),#author(single)
ライセンス形態,2013-08-17T18:07:15+09:00,2013-08-17T18:07:15+09:00,_posts/2013-08-17-01825REKDR6ZRG799ZC7N9HNX6.md,false,true,file_mtime_utc,file_mtime_utc
並べ方の基準,2017-09-08T10:27:32+09:00,2017-09-08T10:27:32+09:00,_posts/2017-09-08-01BSFHJQX02RCK6XTY8S0S4KB7.md,false,true,#author(single),#author(single)
壁紙,2013-08-17T18:07:15+09:00,2013-08-17T18:07:15+09:00,_posts/2013-08-17-01825REKDR88MHCVR373QNXPFQ.md,false,true,file_mtime_utc,file_mtime_utc
時間管理術,2013-08-17T18:07:15+09:00,2013-08-17T18:07:15+09:00,_posts/2013-08-17-01825REKDRFJT7NDYEPNGTCF6V.md,false,true,file_mtime_utc,file_mtime_utc
正規表現/メールアドレス,2017-06-19T14:41:18+09:00,2017-06-19T14:41:18+09:00,_posts/2017-06-19-01BJZDX61GJGH24NP5D16FPS8X.md,false,true,#author(single),#author(single)
福地春喜,2022-11-18T12:00:23+09:00,2022-11-18T12:00:23+09:00,_posts/2022-11-18-01GJ4AW7ARQR0WZR8H85YETY07.md,false,true,#author(single),#author(single)
設計パターン,2014-05-22T19:44:11+09:00,2014-05-22T19:44:11+09:00,_posts/2014-05-22-018RHRFX3RMY5Q23HQMZKWBXBH.md,false,true,file_mtime_utc,file_mtime_utc
設計パターン/イミュータブル,2015-06-26T09:26:25+09:00,2022-09-17T15:52:15+09:00,_posts/2015-06-26-019RPM47V86E5DHZDD4CXKN9CV.md,false,true,#author,#author
設計パターン/スタティックファクトリメソッド,2014-05-26T13:09:49+09:00,2014-05-26T13:09:49+09:00,_posts/2014-05-26-018RVBGNP839YZFXNFXCAFWDQM.md,false,true,file_mtime_utc,file_mtime_utc
設計パターン/ビルダー,2014-05-27T09:47:50+09:00,2014-05-27T09:47:50+09:00,_posts/2014-05-27-018RXJBHQGBM4SCF0RJPXYEH1D.md,false,true,file_mtime_utc,file_mtime_utc
設計パターン/ファクトリ,2014-05-26T13:10:35+09:00,2014-05-26T13:10:35+09:00,_posts/2014-05-26-018RVBJ2KRC9HNNNFH3HT0RZZT.md,false,true,file_mtime_utc,file_mtime_utc
設計パターン/ファーストクラスコレクション,2018-05-11T15:09:24+09:00,2018-05-11T15:09:24+09:00,_posts/2018-05-11-01CD6X2YH0DS60Q1ZFD7EY6JWG.md,false,true,#author(single),#author(single)
設計パターン/フロントコントローラ,2014-07-24T17:54:14+09:00,2014-07-24T17:54:14+09:00,_posts/2014-07-24-018XKS7VQGX7ZMGAG9WM3J4GXH.md,false,true,file_mtime_utc,file_mtime_utc
設計パターン/リポジトリ,2014-05-23T22:46:03+09:00,2014-05-23T22:46:03+09:00,_posts/2014-05-23-018RMN9MBRG85AC3D582B83F4M.md,false,true,file_mtime_utc,file_mtime_utc
設計パターン/完全コンストラクタ,2014-05-22T21:40:00+09:00,2014-05-22T21:40:00+09:00,_posts/2014-05-22-018RHZ3Z800B1S536GC6CJ199N.md,false,true,file_mtime_utc,file_mtime_utc
開発メンバーに向けて,2013-08-17T18:07:15+09:00,2013-08-17T18:07:15+09:00,_posts/2013-08-17-01825REKDRP4VW80S79PZ98Y55.md,false,true,file_mtime_utc,file_mtime_utc
間違って使われがちな言葉,2013-10-23T18:51:51+09:00,2013-10-23T18:51:51+09:00,_posts/2013-10-23-0187JBMDPR8D21255M0B8WC7JP.md,false,true,file_mtime_utc,file_mtime_utc
障害メモ,2013-08-17T18:07:15+09:00,2013-08-17T18:07:15+09:00,_posts/2013-08-17-01825REKDR81JZYG91RBG3GBCB.md,false,true,file_mtime_utc,file_mtime_utc
障害メモ/Angular2のルーティングで404エラー,2016-10-16T16:50:48+09:00,2016-10-16T16:50:48+09:00,_posts/2016-10-16-01AZ67HFY069R9YM5ZYDN53QQC.md,false,true,file_mtime_utc,file_mtime_utc
障害メモ/Atomでエスケープがアウトデントする,2016-11-08T14:01:16+09:00,2016-11-08T14:01:16+09:00,_posts/2016-11-08-01B114ZKB07KGZASJBBWA38E4S.md,false,true,file_mtime_utc,file_mtime_utc
障害メモ/Atomのex-modeが動かない,2016-10-13T11:16:39+09:00,2016-10-13T11:16:39+09:00,_posts/2016-10-13-01AYXX7FTRC6V9GF30KK51F0CA.md,false,true,file_mtime_utc,file_mtime_utc
障害メモ/Chromeでテーブルの罫線が表示されない,2015-02-13T11:21:38+09:00,2015-02-13T11:21:38+09:00,_posts/2015-02-13-019E0BVKTGG29V305K8TF2Q5QT.md,false,true,file_mtime_utc,file_mtime_utc
障害メモ/ChromeとSafariでページ内リンクできない,2013-08-17T18:07:15+09:00,2013-08-17T18:07:15+09:00,_posts/2013-08-17-01825REKDRBKXD0XJ43Q84VF6Z.md,false,true,file_mtime_utc,file_mtime_utc
障害メモ/ConfigurationPropertiesでプロパティ設定を読めない,2017-03-31T16:32:06+09:00,2017-03-31T16:32:06+09:00,_posts/2017-03-31-01BCHMEJ7G8K963JNXQYN70FPE.md,false,true,#author(single),#author(single)
障害メモ/Cookieのpathを指定するとIEで食べられない,2013-08-17T18:07:15+09:00,2013-08-17T18:07:15+09:00,_posts/2013-08-17-01825REKDRXPTM9ZGER9ESM1KA.md,false,true,file_mtime_utc,file_mtime_utc
障害メモ/DBUnitがCSVを読み込めていない,2017-04-21T18:02:26+09:00,2017-04-21T18:02:26+09:00,_posts/2017-04-21-01BE7VZ26G3PD7A0YXYW5G1FJ5.md,false,true,#author(single),#author(single)
障害メモ/DBUnitがリソースを読み込めない,2017-04-21T18:02:17+09:00,2017-04-21T18:02:17+09:00,_posts/2017-04-21-01BE7VYSD8TYBF31AG8QTW2NM2.md,false,true,#author(single),#author(single)
障害メモ/DBUnitのExpectedDatabaseでテーブル数が違う,2017-04-21T18:28:58+09:00,2017-04-21T18:28:58+09:00,_posts/2017-04-21-01BE7XFMWG6PQKXFKCMEZKJ1D4.md,false,true,#author(single),#author(single)
障害メモ/DataTablesの「No data available in table」が邪魔,2017-10-03T18:47:22+09:00,2017-10-03T18:47:22+09:00,_posts/2017-10-03-01BVGT3Y0GAG1HWGVXKC2QEK01.md,false,true,#author(single),#author(single)
障害メモ/Docker for Windowsでボリュームマウントできない,2017-04-13T12:40:04+09:00,2017-04-13T12:40:04+09:00,_posts/2017-04-13-01BDJPB1H0Q89Z9F8Y5MRVMK66.md,false,true,#author(single),#author(single)
障害メモ/EclipseからJBossを起動すると例外が起こる,2013-08-17T18:07:15+09:00,2013-08-17T18:07:15+09:00,_posts/2013-08-17-01825REKDR5SYFHSB4GFZTQHXR.md,false,true,file_mtime_utc,file_mtime_utc
障害メモ/Eclipseでxmlの構造定義警告が出る,2013-08-17T18:07:15+09:00,2013-08-17T18:07:15+09:00,_posts/2013-08-17-01825REKDRJ4RV7VTRMFEM8A6W.md,false,true,file_mtime_utc,file_mtime_utc
障害メモ/Eclipseで上手にマージできない,2013-08-17T18:07:15+09:00,2013-08-17T18:07:15+09:00,_posts/2013-08-17-01825REKDR4YGV0MA4R74REMM4.md,false,true,file_mtime_utc,file_mtime_utc
障害メモ/FTPClientでstoreFileできない,2015-09-01T18:09:15+09:00,2015-09-01T18:09:15+09:00,_posts/2015-09-01-019Y42NQKRQQV8YH47N3GJRJA4.md,false,true,file_mtime_utc,file_mtime_utc
障害メモ/GanttProjectがエラーを吐く,2013-08-17T18:07:15+09:00,2013-08-17T18:07:15+09:00,_posts/2013-08-17-01825REKDRN6HRJXT106DZ6ZGN.md,false,true,file_mtime_utc,file_mtime_utc
障害メモ/HTML5でrel属性がシンタックスエラーになる,2013-08-17T18:07:15+09:00,2013-08-17T18:07:15+09:00,_posts/2013-08-17-01825REKDRWGFQGW6WGP1KGBT9.md,false,true,file_mtime_utc,file_mtime_utc
障害メモ/IE10でjQuery.ajax()するとパラメータがない,2013-08-17T18:07:15+09:00,2013-08-17T18:07:15+09:00,_posts/2013-08-17-01825REKDRJATKXJPV4ZQEV33M.md,false,true,file_mtime_utc,file_mtime_utc
障害メモ/IE9でclear bothが効かない,2013-08-17T18:07:15+09:00,2013-08-17T18:07:15+09:00,_posts/2013-08-17-01825REKDRFRMM700D3T71V3VV.md,false,true,file_mtime_utc,file_mtime_utc
障害メモ/IEが旧バージョンモードになる,2013-08-17T18:07:15+09:00,2013-08-17T18:07:15+09:00,_posts/2013-08-17-01825REKDRNVXFZTGKSH09RTT0.md,false,true,file_mtime_utc,file_mtime_utc
障害メモ/IntelliJでソースコードにジャンプできない,2024-04-02T13:00:29+09:00,2024-04-02T13:00:29+09:00,_posts/2024-04-02-01HTEFEBT8T4S102GF8W8G5J8Z.md,false,true,#author(single),#author(single)
障害メモ/JDBC接続できない,2013-08-17T18:07:15+09:00,2013-08-17T18:07:15+09:00,_posts/2013-08-17-01825REKDRT6PVPM1J8VPKCRC7.md,false,true,file_mtime_utc,file_mtime_utc
障害メモ/JUnitがConflictingBeanDefenitionExceptionで失敗する,2017-05-12T12:56:39+09:00,2017-05-12T12:56:39+09:00,_posts/2017-05-12-01BFXCT86R2Q0PYRQA5XRJAWHK.md,false,true,#author(single),#author(single)
障害メモ/JUnitの例外テストで初期化エラーになる,2017-04-18T14:58:55+09:00,2017-04-18T14:58:55+09:00,_posts/2017-04-18-01BDZT8W8RJNEQ6M6JM1E7MX8A.md,false,true,#author(single),#author(single)
障害メモ/Jacksonでxml上のコレクションをデシリアライズできない,2023-03-08T16:49:57+09:00,2023-03-08T16:49:57+09:00,_posts/2023-03-08-01GV035G48BB2TEH6HGF94M07X.md,false,true,#author(single),#author(single)
障害メモ/JavaScriptでsubmit()しない,2013-08-17T18:07:15+09:00,2013-08-17T18:07:15+09:00,_posts/2013-08-17-01825REKDR4Z7FCGTVY3BWS47Q.md,false,true,file_mtime_utc,file_mtime_utc
障害メモ/JavaScriptでエンコードしたものがJavaでデコードできない,2013-08-17T18:07:15+09:00,2013-08-17T18:07:15+09:00,_posts/2013-08-17-01825REKDRNDB3D81S7KKEA3KT.md,false,true,file_mtime_utc,file_mtime_utc
障害メモ/Jekyllの時間がずれる,2017-04-10T10:13:50+09:00,2017-04-10T10:13:50+09:00,_posts/2017-04-10-01BDAPS45GSSEZ60ZWGP7AHPP4.md,false,true,#author(single),#author(single)
障害メモ/LOAD DATA LOCALでエラーになる,2013-08-17T18:07:15+09:00,2013-08-17T18:07:15+09:00,_posts/2013-08-17-01825REKDR88EVH3GHWVWTCN45.md,false,true,file_mtime_utc,file_mtime_utc
障害メモ/LhaplusがWindows7(64bit)で圧縮してくれない,2013-08-17T18:07:15+09:00,2013-08-17T18:07:15+09:00,_posts/2013-08-17-01825REKDRQDRVB3E74FHE6MX7.md,false,true,file_mtime_utc,file_mtime_utc
障害メモ/MyBatisで日本語文字列をupdateすると文字バケる,2017-05-30T12:25:37+09:00,2017-05-30T12:25:37+09:00,_posts/2017-05-30-01BHBP6BV8E7CMB3C54R09XWQF.md,false,true,#author(single),#author(single)
障害メモ/MySQLがあがらない「The server quit without updating PID file」,2013-08-17T18:07:15+09:00,2013-08-17T18:07:15+09:00,_posts/2013-08-17-01825REKDRDYYWPXMDSCWGC7Y8.md,false,true,file_mtime_utc,file_mtime_utc
障害メモ/MySQLがあがらない「Unable to lock .../data/ib_logfile0」,2013-08-17T18:07:15+09:00,2013-08-17T18:07:15+09:00,_posts/2013-08-17-01825REKDR2DCY0JR9RZP75N9D.md,false,true,file_mtime_utc,file_mtime_utc
障害メモ/MySQLにログインできない「Can't get hostname for your address」,2013-08-17T18:07:15+09:00,2013-08-17T18:07:15+09:00,_posts/2013-08-17-01825REKDRHKFW1KPTK93Q5ZG1.md,false,true,file_mtime_utc,file_mtime_utc
障害メモ/MySQL関連,2013-08-17T18:07:15+09:00,2013-08-17T18:07:15+09:00,_posts/2013-08-17-01825REKDRNWW3CSW9J45BYEPF.md,false,true,file_mtime_utc,file_mtime_utc
障害メモ/Playwrightで特定のリクエストが403になってパスしない,2025-01-29T17:09:19+09:00,2025-01-29T17:09:19+09:00,_posts/2025-01-29-01JJRHQ1WR10K89S2E0KCDTS72.md,false,true,#author(single),#author(single)
障害メモ/PreparedStatementがOutOfMemoryErrorを起こす,2015-08-11T16:36:10+09:00,2015-08-11T16:36:10+09:00,_posts/2015-08-11-019WDV06GGNJFF020PX4F764H2.md,false,true,file_mtime_utc,file_mtime_utc
障害メモ/PropTypes.funcが見つからない,2017-12-06T17:44:01+09:00,2017-12-06T17:44:01+09:00,_posts/2017-12-06-01C0NFXY38GZ5RSCWGW7DAC9TQ.md,false,true,#author(single),#author(single)
障害メモ/React Nativeがnpmのv5に未だ対応してない,2017-12-24T13:12:34+09:00,2017-12-24T13:12:34+09:00,_posts/2017-12-24-01C23BHTTG3Q46QX66ZGV1N1RC.md,false,true,#author(single),#author(single)
障害メモ/React Navigationでネストするとreduxと統合できない,2017-12-30T17:17:46+09:00,2017-12-30T17:17:46+09:00,_posts/2017-12-30-01C2K7Z40GV2G00XVV3FRBAFE0.md,false,true,#author(single),#author(single)
障害メモ/React Navigationで作成するヘッダがステータスバーに被る,2017-12-30T13:01:28+09:00,2017-12-30T13:01:28+09:00,_posts/2017-12-30-01C2JS9TE0FCPEQYZQVHK8TA3S.md,false,true,#author(single),#author(single)
障害メモ/Redmineを再起動したら立ち上がらなくなった,2014-06-02T09:37:05+09:00,2014-06-02T09:37:05+09:00,_posts/2014-06-02-018SD045V836C7S0XB0HFKQQQA.md,false,true,file_mtime_utc,file_mtime_utc
障害メモ/STSが上がらない,2017-12-13T13:42:06+09:00,2017-12-13T13:42:06+09:00,_posts/2017-12-13-01C172W09GWGFW9BS2HPEKVRGT.md,false,true,#author(single),#author(single)
障害メモ/STSでJUnitするときプロフィールのプロパティが読めてない,2017-04-20T16:59:00+09:00,2017-04-20T16:59:00+09:00,_posts/2017-04-20-01BE55Y6D0FA6PGS8Z56FVGCF9.md,false,true,#author(single),#author(single)
障害メモ/SVNからチェックアウトできない,2015-08-20T15:41:28+09:00,2015-08-20T15:41:28+09:00,_posts/2015-08-20-019X4XEGE0H8HAZMH9TJFQT881.md,false,true,file_mtime_utc,file_mtime_utc
障害メモ/Spring Bootがあがらない,2016-09-04T16:52:39+09:00,2016-09-04T16:52:39+09:00,_posts/2016-09-04-01AVT2YPARA4GV6W9VFRXF05NJ.md,false,true,file_mtime_utc,file_mtime_utc
障害メモ/Spring Securityのエラーメッセージにシステムエラーが表示される,2017-06-07T11:29:52+09:00,2017-06-07T11:29:52+09:00,_posts/2017-06-07-01BJ06618084ZV4HT82DVPAB64.md,false,true,#author(single),#author(single)
障害メモ/SpringApplicationConfigurationが見つからない,2017-04-10T13:04:43+09:00,2017-04-10T13:04:43+09:00,_posts/2017-04-10-01BDB0J0VRBED17FSZSNZC0S8V.md,false,true,#author(single),#author(single)
障害メモ/TextInputの下線が文字に重なる,2017-12-31T15:56:35+09:00,2017-12-31T15:56:35+09:00,_posts/2017-12-31-01C2NNQ65RDQDZ17MGVCY43H3J.md,false,true,#author(single),#author(single)
障害メモ/Titanium SDK 2.0.1にしてからiPhone用にビルドできない,2013-08-17T18:07:15+09:00,2013-08-17T18:07:15+09:00,_posts/2013-08-17-01825REKDR1QW6VMPTW0GPDBDH.md,false,true,file_mtime_utc,file_mtime_utc
障害メモ/Tomcatがいつの間にか停止している,2013-08-21T10:14:40+09:00,2013-08-21T10:14:40+09:00,_posts/2013-08-21-0182F70500PQAHMA2QHT0JNV00.md,false,true,file_mtime_utc,file_mtime_utc
障害メモ/Tomcatが起動しない,2013-08-21T10:13:07+09:00,2013-08-21T10:13:07+09:00,_posts/2013-08-21-0182F6XA5RZJ339V9HS58H9XE2.md,false,true,file_mtime_utc,file_mtime_utc
障害メモ/Tomcatで大きなパラメータ数をリクエストできない,2013-08-21T10:12:34+09:00,2013-08-21T10:12:34+09:00,_posts/2013-08-21-0182F6W9YGGQYSFTZ5DY5GDD3Y.md,false,true,file_mtime_utc,file_mtime_utc
障害メモ/Tomcatを終了できない,2013-08-21T10:14:05+09:00,2013-08-21T10:14:05+09:00,_posts/2013-08-21-0182F6Z2T8K1WDJEJPSBZC7W1G.md,false,true,file_mtime_utc,file_mtime_utc
障害メモ/Tomcat関連,2013-08-21T10:11:57+09:00,2013-08-21T10:11:57+09:00,_posts/2013-08-21-0182F6V5T8S5X1AK2SPRGK2ZD9.md,false,true,file_mtime_utc,file_mtime_utc
障害メモ/Visual Studio Codeでエスケープがアウトデントする,2017-07-04T18:06:09+09:00,2017-07-04T18:06:09+09:00,_posts/2017-07-04-01BM6DK1Z8PKZFD2CN7ZHYRNKD.md,false,true,#author(single),#author(single)
障害メモ/bodyがanimateしない,2013-08-17T18:07:15+09:00,2013-08-17T18:07:15+09:00,_posts/2013-08-17-01825REKDRBX8N22TGGZCPA61P.md,false,true,file_mtime_utc,file_mtime_utc
障害メモ/brewでインストールができない,2017-10-28T15:23:56+09:00,2017-10-28T15:23:56+09:00,_posts/2017-10-28-01BXGTDD30RT6A7M36C0Y8D496.md,false,true,#author(single),#author(single)
障害メモ/chromeで404ページが表示されない,2013-08-17T18:07:15+09:00,2013-08-17T18:07:15+09:00,_posts/2013-08-17-01825REKDRG05YZA0EAF713EB9.md,false,true,file_mtime_utc,file_mtime_utc
障害メモ/class.javaが解決できなくてkotlinでSpring Bootできない,2017-12-13T15:11:54+09:00,2017-12-13T15:11:54+09:00,_posts/2017-12-13-01C1780E0GJ5J7ZJ6XABQYDR3M.md,false,true,#author(single),#author(single)
障害メモ/cronからキックすると多重起動判定ミスする,2016-08-30T13:21:00+09:00,2016-08-30T13:21:00+09:00,_posts/2016-08-30-01AVCTVHZ0C9MPB9ARBP069ZNK.md,false,true,file_mtime_utc,file_mtime_utc
障害メモ/cronでmysqlコマンドを叩くバッチを動かせない,2016-05-17T11:22:02+09:00,2016-05-17T11:22:02+09:00,_posts/2016-05-17-01AJY8A88GB50Q91HYVCNBVZR8.md,false,true,file_mtime_utc,file_mtime_utc
障害メモ/gemでインストールができない,2017-10-28T15:43:49+09:00,2017-10-28T15:43:49+09:00,_posts/2017-10-28-01BXGVHT486Q7K8SE87GJACVWA.md,false,true,#author(single),#author(single)
障害メモ/gradleでSonarQubeにプットできない,2017-03-31T20:50:39+09:00,2017-03-31T20:50:39+09:00,_posts/2017-03-31-01BCJ37ZMRK9353R9N01MK0FCM.md,false,true,#author(single),#author(single)
障害メモ/gradleでbuildすると文字化けする,2017-03-29T13:02:00+09:00,2017-03-29T13:02:00+09:00,_posts/2017-03-29-01BCC3MDP0Z8A76E7MRQ0G0SD8.md,false,true,#author(single),#author(single)
障害メモ/iPhoneアプリ申請のvalidateができない,2013-08-17T18:07:15+09:00,2013-08-17T18:07:15+09:00,_posts/2013-08-17-01825REKDRFQX49SDGSJ06XHB1.md,false,true,file_mtime_utc,file_mtime_utc
障害メモ/jQueryがtrオブジェクトを取得しない,2013-08-17T18:07:15+09:00,2013-08-17T18:07:15+09:00,_posts/2013-08-17-01825REKDRZ22TZ8PSKV43E91J.md,false,true,file_mtime_utc,file_mtime_utc
障害メモ/jQueryでタイトルタグが書き換えられない,2013-08-17T18:07:15+09:00,2013-08-17T18:07:15+09:00,_posts/2013-08-17-01825REKDR075ZA1E7G9AD062G.md,false,true,file_mtime_utc,file_mtime_utc
障害メモ/jQueryでチェックボックスをオンにできない,2013-08-17T18:07:15+09:00,2013-08-17T18:07:15+09:00,_posts/2013-08-17-01825REKDR3KJCY7GWXAR5EVAX.md,false,true,file_mtime_utc,file_mtime_utc
障害メモ/min-heightがautoでリセットできない,2016-03-09T16:14:41+09:00,2016-03-09T16:14:41+09:00,_posts/2016-03-09-01ADD3MGQ8ZC88V4VV0T3BEXQ4.md,false,true,file_mtime_utc,file_mtime_utc
障害メモ/npm installできない,2017-07-13T10:18:41+09:00,2017-07-13T10:18:41+09:00,_posts/2017-07-13-01BMWRDJB8B675MJ0JS29D756Q.md,false,true,#author(single),#author(single)
障害メモ/openしてないからとkotlinでSpring Bootが起動しない,2017-12-13T16:31:31+09:00,2017-12-13T16:31:31+09:00,_posts/2017-12-13-01C17CJ71RTHWYCKA0N6XZ169B.md,false,true,#author(single),#author(single)
障害メモ/phpでmb_strlen()が使えない,2013-08-17T18:07:15+09:00,2013-08-17T18:07:15+09:00,_posts/2013-08-17-01825REKDRBXG2GMXKJKXT4V0H.md,false,true,file_mtime_utc,file_mtime_utc
障害メモ/phpでファイルを開けない「failed to open stream Permission denied」,2013-08-24T10:50:22+09:00,2013-08-24T10:50:22+09:00,_posts/2013-08-24-0182Q07NSGWTEBFEW5BDWQV03C.md,false,true,file_mtime_utc,file_mtime_utc
障害メモ/qmailのsmtp接続が非常に遅い,2013-08-19T17:54:32+09:00,2013-08-19T17:54:32+09:00,_posts/2013-08-19-0182AWGRA0AMJGS6S6BCCVFS0Y.md,false,true,file_mtime_utc,file_mtime_utc
障害メモ/react-router-domでベースURLが抜ける,2017-12-14T14:36:26+09:00,2017-12-14T14:36:26+09:00,_posts/2017-12-14-01C19RC6WGJ2Y4NEDJW3NWFX1F.md,false,true,#author(single),#author(single)
障害メモ/sshからログアウトするとmysqldが停止する,2013-08-17T18:07:15+09:00,2013-08-17T18:07:15+09:00,_posts/2013-08-17-01825REKDRTDZTM4DSHWWMASV9.md,false,true,file_mtime_utc,file_mtime_utc
障害メモ/styleの適用が遅れて画像が大きく表示されてしまう,2018-08-17T16:16:26+09:00,2018-08-17T16:16:26+09:00,_posts/2018-08-17-01CN3BW48G58T1NDV3Q59810EE.md,false,true,#author(single),#author(single)
障害メモ/svnクリーンアップがどうしてもできない,2017-08-01T15:41:22+09:00,2017-08-01T15:41:22+09:00,_posts/2017-08-01-01BPE8E2JG25TMKPN2JQRK0YRZ.md,false,true,#author(single),#author(single)
障害メモ/utf8のcsvをExcelで開くと文字化ける,2013-08-21T10:53:48+09:00,2013-08-21T10:53:48+09:00,_posts/2013-08-21-0182F97SZ0FKMVA23MVKG5SV07.md,false,true,file_mtime_utc,file_mtime_utc
障害メモ/エンターキーによるフォーム送信抑止が効かない,2013-08-17T18:07:15+09:00,2013-08-17T18:07:15+09:00,_posts/2013-08-17-01825REKDR4NPQ2VX1P300AH6Q.md,false,true,file_mtime_utc,file_mtime_utc
障害メモ/バージョンの重複でflywayがエラーになる,2018-06-30T15:36:22+09:00,2018-06-30T15:36:22+09:00,_posts/2018-06-30-01CH7PG8KG1MWXYR0C1B5ZF028.md,false,true,#author(single),#author(single)
障害メモ/パスワードのオートコンプリートがIEで効かない,2013-08-17T18:07:15+09:00,2013-08-17T18:07:15+09:00,_posts/2013-08-17-01825REKDR97YDPH73FWGNT8DP.md,false,true,file_mtime_utc,file_mtime_utc
障害メモ/ポート番号が使われてJBossが立ちあがらない,2013-08-17T18:07:15+09:00,2013-08-17T18:07:15+09:00,_posts/2013-08-17-01825REKDRC4WJWHATB3ADT1VM.md,false,true,file_mtime_utc,file_mtime_utc
障害メモ/戻ると「ドキュメントが有効期限切れです」になる,2013-08-17T18:07:15+09:00,2013-08-17T18:07:15+09:00,_posts/2013-08-17-01825REKDR6XKYN5EPWE7E2JHE.md,false,true,file_mtime_utc,file_mtime_utc
障害メモ/毎起動時に「バッテリーが壊れているかも・・・」と表示される,2013-08-17T18:07:15+09:00,2013-08-17T18:07:15+09:00,_posts/2013-08-17-01825REKDRSM0TG0DK872CKXB9.md,false,true,file_mtime_utc,file_mtime_utc
障害メモ/画像のpreload(先読み)がうまくいかない,2013-08-17T18:07:15+09:00,2013-08-17T18:07:15+09:00,_posts/2013-08-17-01825REKDRM3THVBCC2PVXBXWZ.md,false,true,file_mtime_utc,file_mtime_utc
障害メモ/繰り返しでユニークなkeyがないと怒られる,2017-12-07T10:48:33+09:00,2017-12-07T10:48:33+09:00,_posts/2017-12-07-01C0QAHXB836Q53AN27R729XMC.md,false,true,#author(single),#author(single)
面談/志望動機を考える,2013-08-17T18:07:15+09:00,2013-08-17T18:07:15+09:00,_posts/2013-08-17-01825REKDRQC55X9Z9FNER8GC2.md,false,true,file_mtime_utc,file_mtime_utc
面談/面談でした質問,2014-12-24T11:16:19+09:00,2014-12-24T11:16:19+09:00,_posts/2014-12-24-0199X1979RT17QQMASAEMN3HRG.md,false,true,file_mtime_utc,file_mtime_utc
面談/面談の観点,2013-10-04T09:51:05+09:00,2013-10-04T09:51:05+09:00,_posts/2013-10-04-01860F4K58YCEVFYWYVKZC4R14.md,false,true,file_mtime_utc,file_mtime_utc
